This file contains any messages produced by compilers while
running configure, to aid debugging if configure makes a mistake.

It was created by ZHCASH Core configure 0.18.10, which was
generated by GNU Autoconf 2.71.  Invocation command line was

  $ ./configure --disable-wallet --disable-tests --disable-bench

## --------- ##
## Platform. ##
## --------- ##

hostname = cursor
uname -m = x86_64
uname -r = 6.12.8+
uname -s = Linux
uname -v = #11 SMP PREEMPT_DYNAMIC Sun Jul  6 04:56:39 UTC 2025

/usr/bin/uname -p = x86_64
/bin/uname -X     = unknown

/bin/arch              = x86_64
/usr/bin/arch -k       = unknown
/usr/convex/getsysinfo = unknown
/usr/bin/hostinfo      = unknown
/bin/machine           = unknown
/usr/bin/oslevel       = unknown
/bin/universe          = unknown

PATH: /home/ubuntu/.nvm/versions/node/v22.16.0/bin/
PATH: /usr/local/sbin/
PATH: /usr/local/bin/
PATH: /usr/sbin/
PATH: /usr/bin/
PATH: /sbin/
PATH: /bin/


## ----------- ##
## Core tests. ##
## ----------- ##

configure:3461: looking for aux files: compile ltmain.sh missing install-sh config.guess config.sub
configure:3474:  trying ./build-aux/
configure:3503:   ./build-aux/compile found
configure:3503:   ./build-aux/ltmain.sh found
configure:3503:   ./build-aux/missing found
configure:3485:   ./build-aux/install-sh found
configure:3503:   ./build-aux/config.guess found
configure:3503:   ./build-aux/config.sub found
configure:3638: checking build system type
configure:3653: result: x86_64-pc-linux-gnu
configure:3673: checking host system type
configure:3687: result: x86_64-pc-linux-gnu
configure:3731: checking for a BSD-compatible install
configure:3804: result: /usr/bin/install -c
configure:3815: checking whether build environment is sane
configure:3870: result: yes
configure:4029: checking for a race-free mkdir -p
configure:4073: result: /usr/bin/mkdir -p
configure:4080: checking for gawk
configure:4115: result: no
configure:4080: checking for mawk
configure:4101: found /usr/bin/mawk
configure:4112: result: mawk
configure:4123: checking whether make sets $(MAKE)
configure:4146: result: yes
configure:4176: checking whether make supports nested variables
configure:4194: result: yes
configure:4327: checking whether to enable maintainer-specific portions of Makefiles
configure:4337: result: yes
configure:4363: checking whether make supports nested variables
configure:4381: result: yes
configure:4467: checking for g++
configure:4488: found /usr/bin/g++
configure:4499: result: g++
configure:4526: checking for C++ compiler version
configure:4535: g++ --version >&5
g++ (Ubuntu 14.2.0-19ubuntu2) 14.2.0
Copyright (C) 2024 Free Software Foundation, Inc.
This is free software; see the source for copying conditions.  There is NO
warranty; not even for MERCHANTABILITY or FITNESS FOR A PARTICULAR PURPOSE.

configure:4546: $? = 0
configure:4535: g++ -v >&5
Using built-in specs.
COLLECT_GCC=g++
COLLECT_LTO_WRAPPER=/usr/libexec/gcc/x86_64-linux-gnu/14/lto-wrapper
OFFLOAD_TARGET_NAMES=nvptx-none:amdgcn-amdhsa
OFFLOAD_TARGET_DEFAULT=1
Target: x86_64-linux-gnu
Configured with: ../src/configure -v --with-pkgversion='Ubuntu 14.2.0-19ubuntu2' --with-bugurl=file:///usr/share/doc/gcc-14/README.Bugs --enable-languages=c,ada,c++,go,d,fortran,objc,obj-c++,m2,rust --prefix=/usr --with-gcc-major-version-only --program-suffix=-14 --program-prefix=x86_64-linux-gnu- --enable-shared --enable-linker-build-id --libexecdir=/usr/libexec --without-included-gettext --enable-threads=posix --libdir=/usr/lib --enable-nls --enable-bootstrap --enable-clocale=gnu --enable-libstdcxx-debug --enable-libstdcxx-time=yes --with-default-libstdcxx-abi=new --enable-libstdcxx-backtrace --enable-gnu-unique-object --disable-vtable-verify --enable-plugin --enable-default-pie --with-system-zlib --enable-libphobos-checking=release --with-target-system-zlib=auto --enable-objc-gc=auto --enable-multiarch --disable-werror --enable-cet --with-arch-32=i686 --with-abi=m64 --with-multilib-list=m32,m64,mx32 --enable-multilib --with-tune=generic --enable-offload-targets=nvptx-none=/build/gcc-14-C86vgL/gcc-14-14.2.0/debian/tmp-nvptx/usr,amdgcn-amdhsa=/build/gcc-14-C86vgL/gcc-14-14.2.0/debian/tmp-gcn/usr --enable-offload-defaulted --without-cuda-driver --enable-checking=release --build=x86_64-linux-gnu --host=x86_64-linux-gnu --target=x86_64-linux-gnu --with-build-config=bootstrap-lto-lean --enable-link-serialization=2
Thread model: posix
Supported LTO compression algorithms: zlib zstd
gcc version 14.2.0 (Ubuntu 14.2.0-19ubuntu2) 
... rest of stderr output deleted ...
configure:4546: $? = 0
configure:4535: g++ -V >&5
g++: error: unrecognized command-line option '-V'
g++: fatal error: no input files
compilation terminated.
configure:4546: $? = 1
configure:4535: g++ -qversion >&5
g++: error: unrecognized command-line option '-qversion'; did you mean '--version'?
g++: fatal error: no input files
compilation terminated.
configure:4546: $? = 1
configure:4566: checking whether the C++ compiler works
configure:4588: g++    conftest.cpp  >&5
configure:4592: $? = 0
configure:4642: result: yes
configure:4645: checking for C++ compiler default output file name
configure:4647: result: a.out
configure:4653: checking for suffix of executables
configure:4660: g++ -o conftest    conftest.cpp  >&5
configure:4664: $? = 0
configure:4687: result: 
configure:4709: checking whether we are cross compiling
configure:4717: g++ -o conftest    conftest.cpp  >&5
configure:4721: $? = 0
configure:4728: ./conftest
configure:4732: $? = 0
configure:4747: result: no
configure:4752: checking for suffix of object files
configure:4775: g++ -c   conftest.cpp >&5
configure:4779: $? = 0
configure:4801: result: o
configure:4805: checking whether the compiler supports GNU C++
configure:4825: g++ -c   conftest.cpp >&5
configure:4825: $? = 0
configure:4835: result: yes
configure:4846: checking whether g++ accepts -g
configure:4867: g++ -c -g  conftest.cpp >&5
configure:4867: $? = 0
configure:4911: result: yes
configure:4931: checking for g++ option to enable C++11 features
configure:4946: g++  -c -g -O2  conftest.cpp >&5
conftest.cpp: In function 'int main(int, char**)':
conftest.cpp:175:25: warning: empty parentheses were disambiguated as a function declaration [-Wvexing-parse]
  175 |   cxx11test::delegate d2();
      |                         ^~
conftest.cpp:175:25: note: remove parentheses to default-initialize a variable
  175 |   cxx11test::delegate d2();
      |                         ^~
      |                         --
conftest.cpp:175:25: note: or replace parentheses with braces to value-initialize a variable
configure:4946: $? = 0
configure:4964: result: none needed
configure:5031: checking whether make supports the include directive
configure:5046: make -f confmf.GNU && cat confinc.out
this is the am__doit target
configure:5049: $? = 0
configure:5068: result: yes (GNU style)
configure:5094: checking dependency style of g++
configure:5206: result: gcc3
configure:5246: checking whether g++ supports C++11 features with -std=c++11
configure:5543: g++ -std=c++11 -c -g -O2  conftest.cpp >&5
configure:5543: $? = 0
configure:5553: result: yes
configure:5597: checking whether std::atomic can be used without link library
configure:5615: g++ -std=c++11 -o conftest -g -O2   conftest.cpp  >&5
configure:5615: $? = 0
configure:5618: result: yes
configure:5794: checking for Objective C++ compiler version
configure:5803: g++ -std=c++11 --version >&5
g++ (Ubuntu 14.2.0-19ubuntu2) 14.2.0
Copyright (C) 2024 Free Software Foundation, Inc.
This is free software; see the source for copying conditions.  There is NO
warranty; not even for MERCHANTABILITY or FITNESS FOR A PARTICULAR PURPOSE.

configure:5814: $? = 0
configure:5803: g++ -std=c++11 -v >&5
Using built-in specs.
COLLECT_GCC=g++
COLLECT_LTO_WRAPPER=/usr/libexec/gcc/x86_64-linux-gnu/14/lto-wrapper
OFFLOAD_TARGET_NAMES=nvptx-none:amdgcn-amdhsa
OFFLOAD_TARGET_DEFAULT=1
Target: x86_64-linux-gnu
Configured with: ../src/configure -v --with-pkgversion='Ubuntu 14.2.0-19ubuntu2' --with-bugurl=file:///usr/share/doc/gcc-14/README.Bugs --enable-languages=c,ada,c++,go,d,fortran,objc,obj-c++,m2,rust --prefix=/usr --with-gcc-major-version-only --program-suffix=-14 --program-prefix=x86_64-linux-gnu- --enable-shared --enable-linker-build-id --libexecdir=/usr/libexec --without-included-gettext --enable-threads=posix --libdir=/usr/lib --enable-nls --enable-bootstrap --enable-clocale=gnu --enable-libstdcxx-debug --enable-libstdcxx-time=yes --with-default-libstdcxx-abi=new --enable-libstdcxx-backtrace --enable-gnu-unique-object --disable-vtable-verify --enable-plugin --enable-default-pie --with-system-zlib --enable-libphobos-checking=release --with-target-system-zlib=auto --enable-objc-gc=auto --enable-multiarch --disable-werror --enable-cet --with-arch-32=i686 --with-abi=m64 --with-multilib-list=m32,m64,mx32 --enable-multilib --with-tune=generic --enable-offload-targets=nvptx-none=/build/gcc-14-C86vgL/gcc-14-14.2.0/debian/tmp-nvptx/usr,amdgcn-amdhsa=/build/gcc-14-C86vgL/gcc-14-14.2.0/debian/tmp-gcn/usr --enable-offload-defaulted --without-cuda-driver --enable-checking=release --build=x86_64-linux-gnu --host=x86_64-linux-gnu --target=x86_64-linux-gnu --with-build-config=bootstrap-lto-lean --enable-link-serialization=2
Thread model: posix
Supported LTO compression algorithms: zlib zstd
gcc version 14.2.0 (Ubuntu 14.2.0-19ubuntu2) 
... rest of stderr output deleted ...
configure:5814: $? = 0
configure:5803: g++ -std=c++11 -V >&5
g++: error: unrecognized command-line option '-V'
g++: fatal error: no input files
compilation terminated.
configure:5814: $? = 1
configure:5803: g++ -std=c++11 -qversion >&5
g++: error: unrecognized command-line option '-qversion'; did you mean '--version'?
g++: fatal error: no input files
compilation terminated.
configure:5814: $? = 1
configure:5818: checking whether the compiler supports GNU Objective C++
configure:5838: g++ -std=c++11 -c   conftest.mm >&5
g++: fatal error: cannot execute 'cc1objplus': posix_spawnp: No such file or directory
compilation terminated.
configure:5838: $? = 1
configure: failed program was:
| /* confdefs.h */
| #define PACKAGE_NAME "ZHCASH Core"
| #define PACKAGE_TARNAME "zerohourcash"
| #define PACKAGE_VERSION "0.18.10"
| #define PACKAGE_STRING "ZHCASH Core 0.18.10"
| #define PACKAGE_BUGREPORT "https://github.com/zerohourcash/zerohourcash/issues"
| #define PACKAGE_URL "https://zh.cash/"
| #define HAVE_CXX11 1
| /* end confdefs.h.  */
| 
| int
| main (void)
| {
| #ifndef __GNUC__
|        choke me
| #endif
| 
|   ;
|   return 0;
| }
configure:5848: result: no
configure:5859: checking whether g++ -std=c++11 accepts -g
configure:5880: g++ -std=c++11 -c -g  conftest.mm >&5
g++: fatal error: cannot execute 'cc1objplus': posix_spawnp: No such file or directory
compilation terminated.
configure:5880: $? = 1
configure: failed program was:
| /* confdefs.h */
| #define PACKAGE_NAME "ZHCASH Core"
| #define PACKAGE_TARNAME "zerohourcash"
| #define PACKAGE_VERSION "0.18.10"
| #define PACKAGE_STRING "ZHCASH Core 0.18.10"
| #define PACKAGE_BUGREPORT "https://github.com/zerohourcash/zerohourcash/issues"
| #define PACKAGE_URL "https://zh.cash/"
| #define HAVE_CXX11 1
| /* end confdefs.h.  */
| 
| int
| main (void)
| {
| 
|   ;
|   return 0;
| }
configure:5896: g++ -std=c++11 -c   conftest.mm >&5
g++: fatal error: cannot execute 'cc1objplus': posix_spawnp: No such file or directory
compilation terminated.
configure:5896: $? = 1
configure: failed program was:
| /* confdefs.h */
| #define PACKAGE_NAME "ZHCASH Core"
| #define PACKAGE_TARNAME "zerohourcash"
| #define PACKAGE_VERSION "0.18.10"
| #define PACKAGE_STRING "ZHCASH Core 0.18.10"
| #define PACKAGE_BUGREPORT "https://github.com/zerohourcash/zerohourcash/issues"
| #define PACKAGE_URL "https://zh.cash/"
| #define HAVE_CXX11 1
| /* end confdefs.h.  */
| 
| int
| main (void)
| {
| 
|   ;
|   return 0;
| }
configure:5913: g++ -std=c++11 -c -g  conftest.mm >&5
g++: fatal error: cannot execute 'cc1objplus': posix_spawnp: No such file or directory
compilation terminated.
configure:5913: $? = 1
configure: failed program was:
| /* confdefs.h */
| #define PACKAGE_NAME "ZHCASH Core"
| #define PACKAGE_TARNAME "zerohourcash"
| #define PACKAGE_VERSION "0.18.10"
| #define PACKAGE_STRING "ZHCASH Core 0.18.10"
| #define PACKAGE_BUGREPORT "https://github.com/zerohourcash/zerohourcash/issues"
| #define PACKAGE_URL "https://zh.cash/"
| #define HAVE_CXX11 1
| /* end confdefs.h.  */
| 
| int
| main (void)
| {
| 
|   ;
|   return 0;
| }
configure:5924: result: no
configure:5949: checking dependency style of g++ -std=c++11
configure:6059: result: gcc3
configure:6123: checking how to print strings
configure:6150: result: printf
configure:6233: checking for gcc
configure:6254: found /usr/bin/gcc
configure:6265: result: gcc
configure:6618: checking for C compiler version
configure:6627: gcc --version >&5
gcc (Ubuntu 14.2.0-19ubuntu2) 14.2.0
Copyright (C) 2024 Free Software Foundation, Inc.
This is free software; see the source for copying conditions.  There is NO
warranty; not even for MERCHANTABILITY or FITNESS FOR A PARTICULAR PURPOSE.

configure:6638: $? = 0
configure:6627: gcc -v >&5
Using built-in specs.
COLLECT_GCC=gcc
COLLECT_LTO_WRAPPER=/usr/libexec/gcc/x86_64-linux-gnu/14/lto-wrapper
OFFLOAD_TARGET_NAMES=nvptx-none:amdgcn-amdhsa
OFFLOAD_TARGET_DEFAULT=1
Target: x86_64-linux-gnu
Configured with: ../src/configure -v --with-pkgversion='Ubuntu 14.2.0-19ubuntu2' --with-bugurl=file:///usr/share/doc/gcc-14/README.Bugs --enable-languages=c,ada,c++,go,d,fortran,objc,obj-c++,m2,rust --prefix=/usr --with-gcc-major-version-only --program-suffix=-14 --program-prefix=x86_64-linux-gnu- --enable-shared --enable-linker-build-id --libexecdir=/usr/libexec --without-included-gettext --enable-threads=posix --libdir=/usr/lib --enable-nls --enable-bootstrap --enable-clocale=gnu --enable-libstdcxx-debug --enable-libstdcxx-time=yes --with-default-libstdcxx-abi=new --enable-libstdcxx-backtrace --enable-gnu-unique-object --disable-vtable-verify --enable-plugin --enable-default-pie --with-system-zlib --enable-libphobos-checking=release --with-target-system-zlib=auto --enable-objc-gc=auto --enable-multiarch --disable-werror --enable-cet --with-arch-32=i686 --with-abi=m64 --with-multilib-list=m32,m64,mx32 --enable-multilib --with-tune=generic --enable-offload-targets=nvptx-none=/build/gcc-14-C86vgL/gcc-14-14.2.0/debian/tmp-nvptx/usr,amdgcn-amdhsa=/build/gcc-14-C86vgL/gcc-14-14.2.0/debian/tmp-gcn/usr --enable-offload-defaulted --without-cuda-driver --enable-checking=release --build=x86_64-linux-gnu --host=x86_64-linux-gnu --target=x86_64-linux-gnu --with-build-config=bootstrap-lto-lean --enable-link-serialization=2
Thread model: posix
Supported LTO compression algorithms: zlib zstd
gcc version 14.2.0 (Ubuntu 14.2.0-19ubuntu2) 
... rest of stderr output deleted ...
configure:6638: $? = 0
configure:6627: gcc -V >&5
gcc: error: unrecognized command-line option '-V'
gcc: fatal error: no input files
compilation terminated.
configure:6638: $? = 1
configure:6627: gcc -qversion >&5
gcc: error: unrecognized command-line option '-qversion'; did you mean '--version'?
gcc: fatal error: no input files
compilation terminated.
configure:6638: $? = 1
configure:6627: gcc -version >&5
gcc: error: unrecognized command-line option '-version'
gcc: fatal error: no input files
compilation terminated.
configure:6638: $? = 1
configure:6642: checking whether the compiler supports GNU C
configure:6662: gcc -c   conftest.c >&5
configure:6662: $? = 0
configure:6672: result: yes
configure:6683: checking whether gcc accepts -g
configure:6704: gcc -c -g  conftest.c >&5
configure:6704: $? = 0
configure:6748: result: yes
configure:6768: checking for gcc option to enable C11 features
configure:6783: gcc  -c -g -O2  conftest.c >&5
configure:6783: $? = 0
configure:6801: result: none needed
configure:6917: checking whether gcc understands -c and -o together
configure:6940: gcc -c conftest.c -o conftest2.o
configure:6943: $? = 0
configure:6940: gcc -c conftest.c -o conftest2.o
configure:6943: $? = 0
configure:6955: result: yes
configure:6974: checking dependency style of gcc
configure:7086: result: gcc3
configure:7101: checking for a sed that does not truncate output
configure:7171: result: /usr/bin/sed
configure:7189: checking for grep that handles long lines and -e
configure:7253: result: /usr/bin/grep
configure:7258: checking for egrep
configure:7326: result: /usr/bin/grep -E
configure:7331: checking for fgrep
configure:7399: result: /usr/bin/grep -F
configure:7435: checking for ld used by gcc
configure:7503: result: /usr/bin/ld
configure:7510: checking if the linker (/usr/bin/ld) is GNU ld
configure:7526: result: yes
configure:7538: checking for BSD- or MS-compatible name lister (nm)
configure:7593: result: /usr/bin/nm -B
configure:7733: checking the name lister (/usr/bin/nm -B) interface
configure:7741: gcc -c -g -O2  conftest.c >&5
configure:7744: /usr/bin/nm -B "conftest.o"
configure:7747: output
0000000000000000 B some_variable
configure:7754: result: BSD nm
configure:7757: checking whether ln -s works
configure:7761: result: yes
configure:7769: checking the maximum length of command line arguments
configure:7901: result: 1572864
configure:7949: checking how to convert x86_64-pc-linux-gnu file names to x86_64-pc-linux-gnu format
configure:7990: result: func_convert_file_noop
configure:7997: checking how to convert x86_64-pc-linux-gnu file names to toolchain format
configure:8018: result: func_convert_file_noop
configure:8025: checking for /usr/bin/ld option to reload object files
configure:8033: result: -r
configure:8112: checking for objdump
configure:8133: found /usr/bin/objdump
configure:8144: result: objdump
configure:8176: checking how to recognize dependent libraries
configure:8377: result: pass_all
configure:8467: checking for dlltool
configure:8502: result: no
configure:8532: checking how to associate runtime and link libraries
configure:8560: result: printf %s\n
configure:8626: checking for ar
configure:8647: found /usr/bin/ar
configure:8658: result: ar
configure:8695: checking for archiver @FILE support
configure:8713: gcc -c -g -O2  conftest.c >&5
configure:8713: $? = 0
configure:8717: ar cr libconftest.a @conftest.lst >&5
configure:8720: $? = 0
configure:8725: ar cr libconftest.a @conftest.lst >&5
ar: conftest.o: No such file or directory
configure:8728: $? = 1
configure:8740: result: @
configure:8803: checking for strip
configure:8824: found /usr/bin/strip
configure:8835: result: strip
configure:8912: checking for ranlib
configure:8933: found /usr/bin/ranlib
configure:8944: result: ranlib
configure:9046: checking command to parse /usr/bin/nm -B output from gcc object
configure:9200: gcc -c -g -O2  conftest.c >&5
configure:9203: $? = 0
configure:9207: /usr/bin/nm -B conftest.o | sed -n -e 's/^.*[	 ]\([ABCDGIRSTW][ABCDGIRSTW]*\)[	 ][	 ]*\([_A-Za-z][_A-Za-z0-9]*\)$/\1 \2 \2/p' | sed '/ __gnu_lto/d' > conftest.nm
configure:9273: gcc -o conftest -g -O2   conftest.c conftstm.o >&5
configure:9276: $? = 0
configure:9314: result: ok
configure:9361: checking for sysroot
configure:9392: result: no
configure:9399: checking for a working dd
configure:9443: result: /usr/bin/dd
configure:9447: checking how to truncate binary pipes
configure:9463: result: /usr/bin/dd bs=4096 count=1
configure:9600: gcc -c -g -O2  conftest.c >&5
configure:9603: $? = 0
configure:9800: checking for mt
configure:9835: result: no
configure:9855: checking if : is a manifest tool
configure:9862: : '-?'
configure:9870: result: no
configure:10600: checking for stdio.h
configure:10600: gcc -c -g -O2  conftest.c >&5
configure:10600: $? = 0
configure:10600: result: yes
configure:10600: checking for stdlib.h
configure:10600: gcc -c -g -O2  conftest.c >&5
configure:10600: $? = 0
configure:10600: result: yes
configure:10600: checking for string.h
configure:10600: gcc -c -g -O2  conftest.c >&5
configure:10600: $? = 0
configure:10600: result: yes
configure:10600: checking for inttypes.h
configure:10600: gcc -c -g -O2  conftest.c >&5
configure:10600: $? = 0
configure:10600: result: yes
configure:10600: checking for stdint.h
configure:10600: gcc -c -g -O2  conftest.c >&5
configure:10600: $? = 0
configure:10600: result: yes
configure:10600: checking for strings.h
configure:10600: gcc -c -g -O2  conftest.c >&5
configure:10600: $? = 0
configure:10600: result: yes
configure:10600: checking for sys/stat.h
configure:10600: gcc -c -g -O2  conftest.c >&5
configure:10600: $? = 0
configure:10600: result: yes
configure:10600: checking for sys/types.h
configure:10600: gcc -c -g -O2  conftest.c >&5
configure:10600: $? = 0
configure:10600: result: yes
configure:10600: checking for unistd.h
configure:10600: gcc -c -g -O2  conftest.c >&5
configure:10600: $? = 0
configure:10600: result: yes
configure:10625: checking for dlfcn.h
configure:10625: gcc -c -g -O2  conftest.c >&5
configure:10625: $? = 0
configure:10625: result: yes
configure:10893: checking for objdir
configure:10909: result: .libs
configure:11173: checking if gcc supports -fno-rtti -fno-exceptions
configure:11192: gcc -c -g -O2  -fno-rtti -fno-exceptions conftest.c >&5
cc1: warning: command-line option '-fno-rtti' is valid for C++/D/ObjC++ but not for C
configure:11196: $? = 0
configure:11209: result: no
configure:11573: checking for gcc option to produce PIC
configure:11581: result: -fPIC -DPIC
configure:11589: checking if gcc PIC flag -fPIC -DPIC works
configure:11608: gcc -c -g -O2  -fPIC -DPIC -DPIC conftest.c >&5
configure:11612: $? = 0
configure:11625: result: yes
configure:11654: checking if gcc static flag -static works
configure:11683: result: yes
configure:11698: checking if gcc supports -c -o file.o
configure:11720: gcc -c -g -O2  -o out/conftest2.o conftest.c >&5
configure:11724: $? = 0
configure:11746: result: yes
configure:11754: checking if gcc supports -c -o file.o
configure:11802: result: yes
configure:11835: checking whether the gcc linker (/usr/bin/ld) supports shared libraries
configure:13105: result: yes
configure:13142: checking whether -lc should be explicitly linked in
configure:13151: gcc -c -g -O2  conftest.c >&5
configure:13154: $? = 0
configure:13169: gcc -shared  -fPIC -DPIC conftest.o  -v -Wl,-soname -Wl,conftest -o conftest 2\>\&1 \| /usr/bin/grep  -lc  \>/dev/null 2\>\&1
configure:13172: $? = 0
configure:13186: result: no
configure:13346: checking dynamic linker characteristics
configure:13928: gcc -o conftest -g -O2   -Wl,-rpath -Wl,/foo conftest.c  >&5
configure:13928: $? = 0
configure:14179: result: GNU/Linux ld.so
configure:14301: checking how to hardcode library paths into programs
configure:14326: result: immediate
configure:14878: checking whether stripping libraries is possible
configure:14883: result: yes
configure:14918: checking if libtool supports shared libraries
configure:14920: result: yes
configure:14923: checking whether to build shared libraries
configure:14948: result: yes
configure:14951: checking whether to build static libraries
configure:14955: result: yes
configure:14978: checking how to run the C++ preprocessor
configure:15000: g++ -std=c++11 -E  conftest.cpp
configure:15000: $? = 0
configure:15015: g++ -std=c++11 -E  conftest.cpp
conftest.cpp:22:10: fatal error: ac_nonexistent.h: No such file or directory
   22 | #include <ac_nonexistent.h>
      |          ^~~~~~~~~~~~~~~~~~
compilation terminated.
configure:15015: $? = 1
configure: failed program was:
| /* confdefs.h */
| #define PACKAGE_NAME "ZHCASH Core"
| #define PACKAGE_TARNAME "zerohourcash"
| #define PACKAGE_VERSION "0.18.10"
| #define PACKAGE_STRING "ZHCASH Core 0.18.10"
| #define PACKAGE_BUGREPORT "https://github.com/zerohourcash/zerohourcash/issues"
| #define PACKAGE_URL "https://zh.cash/"
| #define HAVE_CXX11 1
| #define HAVE_STDIO_H 1
| #define HAVE_STDLIB_H 1
| #define HAVE_STRING_H 1
| #define HAVE_INTTYPES_H 1
| #define HAVE_STDINT_H 1
| #define HAVE_STRINGS_H 1
| #define HAVE_SYS_STAT_H 1
| #define HAVE_SYS_TYPES_H 1
| #define HAVE_UNISTD_H 1
| #define STDC_HEADERS 1
| #define HAVE_DLFCN_H 1
| #define LT_OBJDIR ".libs/"
| /* end confdefs.h.  */
| #include <ac_nonexistent.h>
configure:15042: result: g++ -std=c++11 -E
configure:15056: g++ -std=c++11 -E  conftest.cpp
configure:15056: $? = 0
configure:15071: g++ -std=c++11 -E  conftest.cpp
conftest.cpp:22:10: fatal error: ac_nonexistent.h: No such file or directory
   22 | #include <ac_nonexistent.h>
      |          ^~~~~~~~~~~~~~~~~~
compilation terminated.
configure:15071: $? = 1
configure: failed program was:
| /* confdefs.h */
| #define PACKAGE_NAME "ZHCASH Core"
| #define PACKAGE_TARNAME "zerohourcash"
| #define PACKAGE_VERSION "0.18.10"
| #define PACKAGE_STRING "ZHCASH Core 0.18.10"
| #define PACKAGE_BUGREPORT "https://github.com/zerohourcash/zerohourcash/issues"
| #define PACKAGE_URL "https://zh.cash/"
| #define HAVE_CXX11 1
| #define HAVE_STDIO_H 1
| #define HAVE_STDLIB_H 1
| #define HAVE_STRING_H 1
| #define HAVE_INTTYPES_H 1
| #define HAVE_STDINT_H 1
| #define HAVE_STRINGS_H 1
| #define HAVE_SYS_STAT_H 1
| #define HAVE_SYS_TYPES_H 1
| #define HAVE_UNISTD_H 1
| #define STDC_HEADERS 1
| #define HAVE_DLFCN_H 1
| #define LT_OBJDIR ".libs/"
| /* end confdefs.h.  */
| #include <ac_nonexistent.h>
configure:15236: checking for ld used by g++ -std=c++11
configure:15304: result: /usr/bin/ld
configure:15311: checking if the linker (/usr/bin/ld) is GNU ld
configure:15327: result: yes
configure:15382: checking whether the g++ -std=c++11 linker (/usr/bin/ld) supports shared libraries
configure:16459: result: yes
configure:16495: g++ -std=c++11 -c -g -O2  conftest.cpp >&5
configure:16498: $? = 0
configure:16979: checking for g++ -std=c++11 option to produce PIC
configure:16987: result: -fPIC -DPIC
configure:16995: checking if g++ -std=c++11 PIC flag -fPIC -DPIC works
configure:17014: g++ -std=c++11 -c -g -O2  -fPIC -DPIC -DPIC conftest.cpp >&5
configure:17018: $? = 0
configure:17031: result: yes
configure:17054: checking if g++ -std=c++11 static flag -static works
configure:17083: result: yes
configure:17095: checking if g++ -std=c++11 supports -c -o file.o
configure:17117: g++ -std=c++11 -c -g -O2  -o out/conftest2.o conftest.cpp >&5
configure:17121: $? = 0
configure:17143: result: yes
configure:17148: checking if g++ -std=c++11 supports -c -o file.o
configure:17196: result: yes
configure:17226: checking whether the g++ -std=c++11 linker (/usr/bin/ld) supports shared libraries
configure:17269: result: yes
configure:17411: checking dynamic linker characteristics
configure:18171: result: GNU/Linux ld.so
configure:18236: checking how to hardcode library paths into programs
configure:18261: result: immediate
configure:18374: checking for ar
configure:18397: found /usr/bin/ar
configure:18409: result: /usr/bin/ar
configure:18482: checking for ranlib
configure:18505: found /usr/bin/ranlib
configure:18517: result: /usr/bin/ranlib
configure:18590: checking for strip
configure:18613: found /usr/bin/strip
configure:18625: result: /usr/bin/strip
configure:18698: checking for gcov
configure:18721: found /usr/bin/gcov
configure:18733: result: /usr/bin/gcov
configure:18757: checking for lcov
configure:18795: result: no
configure:18804: checking for python3.4
configure:18842: result: no
configure:18804: checking for python3.5
configure:18842: result: no
configure:18804: checking for python3.6
configure:18842: result: no
configure:18804: checking for python3.7
configure:18842: result: no
configure:18804: checking for python3
configure:18827: found /usr/bin/python3
configure:18839: result: /usr/bin/python3
configure:18852: checking for genhtml
configure:18890: result: no
configure:18897: checking for git
configure:18920: found /usr/bin/git
configure:18932: result: /usr/bin/git
configure:18942: checking for ccache
configure:18980: result: no
configure:18987: checking for xgettext
configure:19025: result: no
configure:19032: checking for hexdump
configure:19055: found /usr/bin/hexdump
configure:19067: result: /usr/bin/hexdump
configure:19126: checking for readelf
configure:19149: found /usr/bin/readelf
configure:19161: result: /usr/bin/readelf
configure:19234: checking for c++filt
configure:19257: found /usr/bin/c++filt
configure:19269: result: /usr/bin/c++filt
configure:19342: checking for objcopy
configure:19365: found /usr/bin/objcopy
configure:19377: result: /usr/bin/objcopy
configure:19401: checking for doxygen
configure:19439: result: no
configure:19445: WARNING: Doxygen not found
configure:19727: checking whether C++ compiler accepts -Werror
configure:19747: g++ -std=c++11 -c -g -O2  -Werror  conftest.cpp >&5
configure:19747: $? = 0
configure:19756: result: yes
configure:20245: checking whether C++ compiler accepts -Wall
configure:20265: g++ -std=c++11 -c -g -O2 -Werror -Wall  -DZHC_BUILD conftest.cpp >&5
configure:20265: $? = 0
configure:20275: result: yes
configure:20285: checking whether C++ compiler accepts -Wextra
configure:20305: g++ -std=c++11 -c -g -O2 -Werror -Wextra  -DZHC_BUILD conftest.cpp >&5
configure:20305: $? = 0
configure:20315: result: yes
configure:20325: checking whether C++ compiler accepts -Wformat
configure:20345: g++ -std=c++11 -c -g -O2 -Werror -Wformat  -DZHC_BUILD conftest.cpp >&5
configure:20345: $? = 0
configure:20355: result: yes
configure:20365: checking whether C++ compiler accepts -Wvla
configure:20385: g++ -std=c++11 -c -g -O2 -Werror -Wvla  -DZHC_BUILD conftest.cpp >&5
configure:20385: $? = 0
configure:20395: result: yes
configure:20405: checking whether C++ compiler accepts -Wformat-security
configure:20425: g++ -std=c++11 -c -g -O2 -Werror -Wformat-security  -DZHC_BUILD conftest.cpp >&5
configure:20425: $? = 0
configure:20435: result: yes
configure:20445: checking whether C++ compiler accepts -Wthread-safety-analysis
configure:20465: g++ -std=c++11 -c -g -O2 -Werror -Wthread-safety-analysis  -DZHC_BUILD conftest.cpp >&5
g++: error: unrecognized command-line option '-Wthread-safety-analysis'
configure:20465: $? = 1
configure: failed program was:
| /* confdefs.h */
| #define PACKAGE_NAME "ZHCASH Core"
| #define PACKAGE_TARNAME "zerohourcash"
| #define PACKAGE_VERSION "0.18.10"
| #define PACKAGE_STRING "ZHCASH Core 0.18.10"
| #define PACKAGE_BUGREPORT "https://github.com/zerohourcash/zerohourcash/issues"
| #define PACKAGE_URL "https://zh.cash/"
| #define HAVE_CXX11 1
| #define HAVE_STDIO_H 1
| #define HAVE_STDLIB_H 1
| #define HAVE_STRING_H 1
| #define HAVE_INTTYPES_H 1
| #define HAVE_STDINT_H 1
| #define HAVE_STRINGS_H 1
| #define HAVE_SYS_STAT_H 1
| #define HAVE_SYS_TYPES_H 1
| #define HAVE_UNISTD_H 1
| #define STDC_HEADERS 1
| #define HAVE_DLFCN_H 1
| #define LT_OBJDIR ".libs/"
| #define USE_ASM 1
| /* end confdefs.h.  */
| 
| int
| main (void)
| {
| 
|   ;
|   return 0;
| }
configure:20475: result: no
configure:20485: checking whether C++ compiler accepts -Wrange-loop-analysis
configure:20505: g++ -std=c++11 -c -g -O2 -Werror -Wrange-loop-analysis  -DZHC_BUILD conftest.cpp >&5
g++: error: unrecognized command-line option '-Wrange-loop-analysis'
configure:20505: $? = 1
configure: failed program was:
| /* confdefs.h */
| #define PACKAGE_NAME "ZHCASH Core"
| #define PACKAGE_TARNAME "zerohourcash"
| #define PACKAGE_VERSION "0.18.10"
| #define PACKAGE_STRING "ZHCASH Core 0.18.10"
| #define PACKAGE_BUGREPORT "https://github.com/zerohourcash/zerohourcash/issues"
| #define PACKAGE_URL "https://zh.cash/"
| #define HAVE_CXX11 1
| #define HAVE_STDIO_H 1
| #define HAVE_STDLIB_H 1
| #define HAVE_STRING_H 1
| #define HAVE_INTTYPES_H 1
| #define HAVE_STDINT_H 1
| #define HAVE_STRINGS_H 1
| #define HAVE_SYS_STAT_H 1
| #define HAVE_SYS_TYPES_H 1
| #define HAVE_UNISTD_H 1
| #define STDC_HEADERS 1
| #define HAVE_DLFCN_H 1
| #define LT_OBJDIR ".libs/"
| #define USE_ASM 1
| /* end confdefs.h.  */
| 
| int
| main (void)
| {
| 
|   ;
|   return 0;
| }
configure:20515: result: no
configure:20525: checking whether C++ compiler accepts -Wredundant-decls
configure:20545: g++ -std=c++11 -c -g -O2 -Werror -Wredundant-decls  -DZHC_BUILD conftest.cpp >&5
configure:20545: $? = 0
configure:20555: result: yes
configure:20569: checking whether C++ compiler accepts -Wunused-parameter
configure:20589: g++ -std=c++11 -c -g -O2 -Werror -Wunused-parameter  -DZHC_BUILD conftest.cpp >&5
configure:20589: $? = 0
configure:20599: result: yes
configure:20609: checking whether C++ compiler accepts -Wself-assign
configure:20629: g++ -std=c++11 -c -g -O2 -Werror -Wself-assign  -DZHC_BUILD conftest.cpp >&5
g++: error: unrecognized command-line option '-Wself-assign'
configure:20629: $? = 1
configure: failed program was:
| /* confdefs.h */
| #define PACKAGE_NAME "ZHCASH Core"
| #define PACKAGE_TARNAME "zerohourcash"
| #define PACKAGE_VERSION "0.18.10"
| #define PACKAGE_STRING "ZHCASH Core 0.18.10"
| #define PACKAGE_BUGREPORT "https://github.com/zerohourcash/zerohourcash/issues"
| #define PACKAGE_URL "https://zh.cash/"
| #define HAVE_CXX11 1
| #define HAVE_STDIO_H 1
| #define HAVE_STDLIB_H 1
| #define HAVE_STRING_H 1
| #define HAVE_INTTYPES_H 1
| #define HAVE_STDINT_H 1
| #define HAVE_STRINGS_H 1
| #define HAVE_SYS_STAT_H 1
| #define HAVE_SYS_TYPES_H 1
| #define HAVE_UNISTD_H 1
| #define STDC_HEADERS 1
| #define HAVE_DLFCN_H 1
| #define LT_OBJDIR ".libs/"
| #define USE_ASM 1
| /* end confdefs.h.  */
| 
| int
| main (void)
| {
| 
|   ;
|   return 0;
| }
configure:20639: result: no
configure:20649: checking whether C++ compiler accepts -Wunused-local-typedef
configure:20669: g++ -std=c++11 -c -g -O2 -Werror -Wunused-local-typedef  -DZHC_BUILD conftest.cpp >&5
g++: error: unrecognized command-line option '-Wunused-local-typedef'; did you mean '-Wunused-local-typedefs'?
configure:20669: $? = 1
configure: failed program was:
| /* confdefs.h */
| #define PACKAGE_NAME "ZHCASH Core"
| #define PACKAGE_TARNAME "zerohourcash"
| #define PACKAGE_VERSION "0.18.10"
| #define PACKAGE_STRING "ZHCASH Core 0.18.10"
| #define PACKAGE_BUGREPORT "https://github.com/zerohourcash/zerohourcash/issues"
| #define PACKAGE_URL "https://zh.cash/"
| #define HAVE_CXX11 1
| #define HAVE_STDIO_H 1
| #define HAVE_STDLIB_H 1
| #define HAVE_STRING_H 1
| #define HAVE_INTTYPES_H 1
| #define HAVE_STDINT_H 1
| #define HAVE_STRINGS_H 1
| #define HAVE_SYS_STAT_H 1
| #define HAVE_SYS_TYPES_H 1
| #define HAVE_UNISTD_H 1
| #define STDC_HEADERS 1
| #define HAVE_DLFCN_H 1
| #define LT_OBJDIR ".libs/"
| #define USE_ASM 1
| /* end confdefs.h.  */
| 
| int
| main (void)
| {
| 
|   ;
|   return 0;
| }
configure:20679: result: no
configure:20689: checking whether C++ compiler accepts -Wdeprecated-register
configure:20709: g++ -std=c++11 -c -g -O2 -Werror -Wdeprecated-register  -DZHC_BUILD conftest.cpp >&5
g++: error: unrecognized command-line option '-Wdeprecated-register'; did you mean '-Wdeprecated-copy-dtor'?
configure:20709: $? = 1
configure: failed program was:
| /* confdefs.h */
| #define PACKAGE_NAME "ZHCASH Core"
| #define PACKAGE_TARNAME "zerohourcash"
| #define PACKAGE_VERSION "0.18.10"
| #define PACKAGE_STRING "ZHCASH Core 0.18.10"
| #define PACKAGE_BUGREPORT "https://github.com/zerohourcash/zerohourcash/issues"
| #define PACKAGE_URL "https://zh.cash/"
| #define HAVE_CXX11 1
| #define HAVE_STDIO_H 1
| #define HAVE_STDLIB_H 1
| #define HAVE_STRING_H 1
| #define HAVE_INTTYPES_H 1
| #define HAVE_STDINT_H 1
| #define HAVE_STRINGS_H 1
| #define HAVE_SYS_STAT_H 1
| #define HAVE_SYS_TYPES_H 1
| #define HAVE_UNISTD_H 1
| #define STDC_HEADERS 1
| #define HAVE_DLFCN_H 1
| #define LT_OBJDIR ".libs/"
| #define USE_ASM 1
| /* end confdefs.h.  */
| 
| int
| main (void)
| {
| 
|   ;
|   return 0;
| }
configure:20719: result: no
configure:20729: checking whether C++ compiler accepts -Wimplicit-fallthrough
configure:20749: g++ -std=c++11 -c -g -O2 -Werror -Wimplicit-fallthrough  -DZHC_BUILD conftest.cpp >&5
configure:20749: $? = 0
configure:20759: result: yes
configure:20769: checking whether C++ compiler accepts -Wno-unknown-pragmas
configure:20789: g++ -std=c++11 -c -g -O2 -Werror -Wno-unknown-pragmas  -DZHC_BUILD conftest.cpp >&5
configure:20789: $? = 0
configure:20799: result: yes
configure:20814: checking whether C++ compiler accepts -msse4.2
configure:20834: g++ -std=c++11 -c -g -O2 -Werror -msse4.2  -DZHC_BUILD conftest.cpp >&5
configure:20834: $? = 0
configure:20844: result: yes
configure:20854: checking whether C++ compiler accepts -msse4.1
configure:20874: g++ -std=c++11 -c -g -O2 -Werror -msse4.1  -DZHC_BUILD conftest.cpp >&5
configure:20874: $? = 0
configure:20884: result: yes
configure:20894: checking whether C++ compiler accepts -mavx -mavx2
configure:20914: g++ -std=c++11 -c -g -O2 -Werror -mavx -mavx2  -DZHC_BUILD conftest.cpp >&5
configure:20914: $? = 0
configure:20924: result: yes
configure:20934: checking whether C++ compiler accepts -msse4 -msha
configure:20954: g++ -std=c++11 -c -g -O2 -Werror -msse4 -msha  -DZHC_BUILD conftest.cpp >&5
configure:20954: $? = 0
configure:20964: result: yes
configure:20976: checking for assembler crc32 support
configure:21002: g++ -std=c++11 -c -g -O2 -msse4.2  -DZHC_BUILD conftest.cpp >&5
configure:21002: $? = 0
configure:21004: result: yes
configure:21016: checking for SSE4.1 intrinsics
configure:21035: g++ -std=c++11 -c -g -O2 -msse4.1  -DZHC_BUILD conftest.cpp >&5
configure:21035: $? = 0
configure:21037: result: yes
configure:21051: checking for AVX2 intrinsics
configure:21070: g++ -std=c++11 -c -g -O2 -mavx -mavx2  -DZHC_BUILD conftest.cpp >&5
configure:21070: $? = 0
configure:21072: result: yes
configure:21086: checking for SHA-NI intrinsics
configure:21107: g++ -std=c++11 -c -g -O2 -msse4 -msha  -DZHC_BUILD conftest.cpp >&5
configure:21107: $? = 0
configure:21109: result: yes
configure:22934: checking for pkg-config
configure:22957: found /usr/bin/pkg-config
configure:22969: result: /usr/bin/pkg-config
configure:22994: checking pkg-config is at least version 0.9.0
configure:22997: result: yes
configure:23118: checking whether byte ordering is bigendian
configure:23134: g++ -std=c++11 -c -g -O2  -DZHC_BUILD -DHAVE_BUILD_INFO -D__STDC_FORMAT_MACROS conftest.cpp >&5
conftest.cpp:27:16: error: expected unqualified-id before 'not' token
   27 |                not a universal capable compiler
      |                ^~~
configure:23134: $? = 1
configure: failed program was:
| /* confdefs.h */
| #define PACKAGE_NAME "ZHCASH Core"
| #define PACKAGE_TARNAME "zerohourcash"
| #define PACKAGE_VERSION "0.18.10"
| #define PACKAGE_STRING "ZHCASH Core 0.18.10"
| #define PACKAGE_BUGREPORT "https://github.com/zerohourcash/zerohourcash/issues"
| #define PACKAGE_URL "https://zh.cash/"
| #define HAVE_CXX11 1
| #define HAVE_STDIO_H 1
| #define HAVE_STDLIB_H 1
| #define HAVE_STRING_H 1
| #define HAVE_INTTYPES_H 1
| #define HAVE_STDINT_H 1
| #define HAVE_STRINGS_H 1
| #define HAVE_SYS_STAT_H 1
| #define HAVE_SYS_TYPES_H 1
| #define HAVE_UNISTD_H 1
| #define STDC_HEADERS 1
| #define HAVE_DLFCN_H 1
| #define LT_OBJDIR ".libs/"
| #define USE_ASM 1
| #define ENABLE_SSE41 1
| #define ENABLE_AVX2 1
| #define ENABLE_SHANI 1
| /* end confdefs.h.  */
| #ifndef __APPLE_CC__
| 	       not a universal capable compiler
| 	     #endif
| 	     typedef int dummy;
| 
configure:23180: g++ -std=c++11 -c -g -O2  -DZHC_BUILD -DHAVE_BUILD_INFO -D__STDC_FORMAT_MACROS conftest.cpp >&5
configure:23180: $? = 0
configure:23199: g++ -std=c++11 -c -g -O2  -DZHC_BUILD -DHAVE_BUILD_INFO -D__STDC_FORMAT_MACROS conftest.cpp >&5
conftest.cpp: In function 'int main()':
conftest.cpp:33:22: error: 'big' was not declared in this scope
   33 |                  not big endian
      |                      ^~~
configure:23199: $? = 1
configure: failed program was:
| /* confdefs.h */
| #define PACKAGE_NAME "ZHCASH Core"
| #define PACKAGE_TARNAME "zerohourcash"
| #define PACKAGE_VERSION "0.18.10"
| #define PACKAGE_STRING "ZHCASH Core 0.18.10"
| #define PACKAGE_BUGREPORT "https://github.com/zerohourcash/zerohourcash/issues"
| #define PACKAGE_URL "https://zh.cash/"
| #define HAVE_CXX11 1
| #define HAVE_STDIO_H 1
| #define HAVE_STDLIB_H 1
| #define HAVE_STRING_H 1
| #define HAVE_INTTYPES_H 1
| #define HAVE_STDINT_H 1
| #define HAVE_STRINGS_H 1
| #define HAVE_SYS_STAT_H 1
| #define HAVE_SYS_TYPES_H 1
| #define HAVE_UNISTD_H 1
| #define STDC_HEADERS 1
| #define HAVE_DLFCN_H 1
| #define LT_OBJDIR ".libs/"
| #define USE_ASM 1
| #define ENABLE_SSE41 1
| #define ENABLE_AVX2 1
| #define ENABLE_SHANI 1
| /* end confdefs.h.  */
| #include <sys/types.h>
| 		#include <sys/param.h>
| 
| int
| main (void)
| {
| #if BYTE_ORDER != BIG_ENDIAN
| 		 not big endian
| 		#endif
| 
|   ;
|   return 0;
| }
configure:23333: result: no
configure:23357: checking how to run the C preprocessor
configure:23383: gcc -E  -DZHC_BUILD -DHAVE_BUILD_INFO -D__STDC_FORMAT_MACROS conftest.c
configure:23383: $? = 0
configure:23398: gcc -E  -DZHC_BUILD -DHAVE_BUILD_INFO -D__STDC_FORMAT_MACROS conftest.c
conftest.c:26:10: fatal error: ac_nonexistent.h: No such file or directory
   26 | #include <ac_nonexistent.h>
      |          ^~~~~~~~~~~~~~~~~~
compilation terminated.
configure:23398: $? = 1
configure: failed program was:
| /* confdefs.h */
| #define PACKAGE_NAME "ZHCASH Core"
| #define PACKAGE_TARNAME "zerohourcash"
| #define PACKAGE_VERSION "0.18.10"
| #define PACKAGE_STRING "ZHCASH Core 0.18.10"
| #define PACKAGE_BUGREPORT "https://github.com/zerohourcash/zerohourcash/issues"
| #define PACKAGE_URL "https://zh.cash/"
| #define HAVE_CXX11 1
| #define HAVE_STDIO_H 1
| #define HAVE_STDLIB_H 1
| #define HAVE_STRING_H 1
| #define HAVE_INTTYPES_H 1
| #define HAVE_STDINT_H 1
| #define HAVE_STRINGS_H 1
| #define HAVE_SYS_STAT_H 1
| #define HAVE_SYS_TYPES_H 1
| #define HAVE_UNISTD_H 1
| #define STDC_HEADERS 1
| #define HAVE_DLFCN_H 1
| #define LT_OBJDIR ".libs/"
| #define USE_ASM 1
| #define ENABLE_SSE41 1
| #define ENABLE_AVX2 1
| #define ENABLE_SHANI 1
| /* end confdefs.h.  */
| #include <ac_nonexistent.h>
configure:23425: result: gcc -E
configure:23439: gcc -E  -DZHC_BUILD -DHAVE_BUILD_INFO -D__STDC_FORMAT_MACROS conftest.c
configure:23439: $? = 0
configure:23454: gcc -E  -DZHC_BUILD -DHAVE_BUILD_INFO -D__STDC_FORMAT_MACROS conftest.c
conftest.c:26:10: fatal error: ac_nonexistent.h: No such file or directory
   26 | #include <ac_nonexistent.h>
      |          ^~~~~~~~~~~~~~~~~~
compilation terminated.
configure:23454: $? = 1
configure: failed program was:
| /* confdefs.h */
| #define PACKAGE_NAME "ZHCASH Core"
| #define PACKAGE_TARNAME "zerohourcash"
| #define PACKAGE_VERSION "0.18.10"
| #define PACKAGE_STRING "ZHCASH Core 0.18.10"
| #define PACKAGE_BUGREPORT "https://github.com/zerohourcash/zerohourcash/issues"
| #define PACKAGE_URL "https://zh.cash/"
| #define HAVE_CXX11 1
| #define HAVE_STDIO_H 1
| #define HAVE_STDLIB_H 1
| #define HAVE_STRING_H 1
| #define HAVE_INTTYPES_H 1
| #define HAVE_STDINT_H 1
| #define HAVE_STRINGS_H 1
| #define HAVE_SYS_STAT_H 1
| #define HAVE_SYS_TYPES_H 1
| #define HAVE_UNISTD_H 1
| #define STDC_HEADERS 1
| #define HAVE_DLFCN_H 1
| #define LT_OBJDIR ".libs/"
| #define USE_ASM 1
| #define ENABLE_SSE41 1
| #define ENABLE_AVX2 1
| #define ENABLE_SHANI 1
| /* end confdefs.h.  */
| #include <ac_nonexistent.h>
configure:23670: checking whether gcc is Clang
configure:23697: result: no
configure:23825: checking whether pthreads work with -pthread
configure:23925: gcc -o conftest -g -O2 -pthread  -DZHC_BUILD -DHAVE_BUILD_INFO -D__STDC_FORMAT_MACROS  conftest.c   >&5
configure:23925: $? = 0
configure:23935: result: yes
configure:23955: checking for joinable pthread attribute
configure:23974: gcc -o conftest -g -O2 -pthread  -DZHC_BUILD -DHAVE_BUILD_INFO -D__STDC_FORMAT_MACROS  conftest.c   >&5
configure:23974: $? = 0
configure:23983: result: PTHREAD_CREATE_JOINABLE
configure:23996: checking whether more special flags are required for pthreads
configure:24010: result: no
configure:24019: checking for PTHREAD_PRIO_INHERIT
configure:24036: gcc -o conftest -g -O2 -pthread  -DZHC_BUILD -DHAVE_BUILD_INFO -D__STDC_FORMAT_MACROS  conftest.c   >&5
configure:24036: $? = 0
configure:24046: result: yes
configure:24167: checking for special C compiler options needed for large files
configure:24215: result: no
configure:24221: checking for _FILE_OFFSET_BITS value needed for large files
configure:24247: g++ -std=c++11 -c -g -O2  -DZHC_BUILD -DHAVE_BUILD_INFO -D__STDC_FORMAT_MACROS conftest.cpp >&5
configure:24247: $? = 0
configure:24281: result: no
configure:24364: checking for g++ -std=c++11 options needed to detect all undeclared functions
configure:24386: g++ -std=c++11 -c -g -O2  -DZHC_BUILD -DHAVE_BUILD_INFO -D__STDC_FORMAT_MACROS conftest.cpp >&5
conftest.cpp: In function 'int main()':
conftest.cpp:32:8: error: 'strchr' was not declared in this scope
   32 | (void) strchr;
      |        ^~~~~~
conftest.cpp:1:1: note: 'strchr' is defined in header '<cstring>'; this is probably fixable by adding '#include <cstring>'
    1 | /* confdefs.h */
configure:24386: $? = 1
configure: failed program was:
| /* confdefs.h */
| #define PACKAGE_NAME "ZHCASH Core"
| #define PACKAGE_TARNAME "zerohourcash"
| #define PACKAGE_VERSION "0.18.10"
| #define PACKAGE_STRING "ZHCASH Core 0.18.10"
| #define PACKAGE_BUGREPORT "https://github.com/zerohourcash/zerohourcash/issues"
| #define PACKAGE_URL "https://zh.cash/"
| #define HAVE_CXX11 1
| #define HAVE_STDIO_H 1
| #define HAVE_STDLIB_H 1
| #define HAVE_STRING_H 1
| #define HAVE_INTTYPES_H 1
| #define HAVE_STDINT_H 1
| #define HAVE_STRINGS_H 1
| #define HAVE_SYS_STAT_H 1
| #define HAVE_SYS_TYPES_H 1
| #define HAVE_UNISTD_H 1
| #define STDC_HEADERS 1
| #define HAVE_DLFCN_H 1
| #define LT_OBJDIR ".libs/"
| #define USE_ASM 1
| #define ENABLE_SSE41 1
| #define ENABLE_AVX2 1
| #define ENABLE_SHANI 1
| #define HAVE_PTHREAD_PRIO_INHERIT 1
| #define HAVE_PTHREAD 1
| /* end confdefs.h.  */
| 
| int
| main (void)
| {
| (void) strchr;
|   ;
|   return 0;
| }
configure:24413: g++ -std=c++11 -c -g -O2  -DZHC_BUILD -DHAVE_BUILD_INFO -D__STDC_FORMAT_MACROS conftest.cpp >&5
configure:24413: $? = 0
configure:24430: result: none needed
configure:24444: checking whether strerror_r is declared
configure:24444: g++ -std=c++11 -c -g -O2   -DZHC_BUILD -DHAVE_BUILD_INFO -D__STDC_FORMAT_MACROS conftest.cpp >&5
configure:24444: $? = 0
configure:24444: result: yes
configure:24463: checking whether strerror_r returns char *
configure:24488: g++ -std=c++11 -c -g -O2  -DZHC_BUILD -DHAVE_BUILD_INFO -D__STDC_FORMAT_MACROS conftest.cpp >&5
configure:24488: $? = 0
configure:24497: result: yes
configure:24518: checking whether the linker accepts -Wl,--large-address-aware
configure:24538: g++ -std=c++11 -o conftest -g -O2  -DZHC_BUILD -DHAVE_BUILD_INFO -D__STDC_FORMAT_MACROS   -Wl,--large-address-aware conftest.cpp  >&5
/usr/bin/ld: unrecognized option '--large-address-aware'
/usr/bin/ld: use the --help option for usage information
collect2: error: ld returned 1 exit status
configure:24538: $? = 1
configure: failed program was:
| /* confdefs.h */
| #define PACKAGE_NAME "ZHCASH Core"
| #define PACKAGE_TARNAME "zerohourcash"
| #define PACKAGE_VERSION "0.18.10"
| #define PACKAGE_STRING "ZHCASH Core 0.18.10"
| #define PACKAGE_BUGREPORT "https://github.com/zerohourcash/zerohourcash/issues"
| #define PACKAGE_URL "https://zh.cash/"
| #define HAVE_CXX11 1
| #define HAVE_STDIO_H 1
| #define HAVE_STDLIB_H 1
| #define HAVE_STRING_H 1
| #define HAVE_INTTYPES_H 1
| #define HAVE_STDINT_H 1
| #define HAVE_STRINGS_H 1
| #define HAVE_SYS_STAT_H 1
| #define HAVE_SYS_TYPES_H 1
| #define HAVE_UNISTD_H 1
| #define STDC_HEADERS 1
| #define HAVE_DLFCN_H 1
| #define LT_OBJDIR ".libs/"
| #define USE_ASM 1
| #define ENABLE_SSE41 1
| #define ENABLE_AVX2 1
| #define ENABLE_SHANI 1
| #define HAVE_PTHREAD_PRIO_INHERIT 1
| #define HAVE_PTHREAD 1
| #define HAVE_DECL_STRERROR_R 1
| #define HAVE_STRERROR_R 1
| #define STRERROR_R_CHAR_P 1
| /* end confdefs.h.  */
| 
| int
| main (void)
| {
| 
|   ;
|   return 0;
| }
configure:24548: result: no
configure:24561: checking for __attribute__((visibility))
configure:24586: g++ -std=c++11 -o conftest -g -O2  -DZHC_BUILD -DHAVE_BUILD_INFO -D__STDC_FORMAT_MACROS  conftest.cpp  >&5
configure:24586: $? = 0
configure:24601: result: yes
configure:24616: checking for __attribute__((dllexport))
configure:24638: g++ -std=c++11 -o conftest -g -O2  -DZHC_BUILD -DHAVE_BUILD_INFO -D__STDC_FORMAT_MACROS  conftest.cpp  >&5
conftest.cpp:34:62: warning: 'dllexport' attribute directive ignored [-Wattributes]
   34 |                     __attribute__((dllexport)) int foo( void ) { return 0; }
      |                                                              ^
configure:24638: $? = 0
configure:24653: result: no
configure:24668: checking for __attribute__((dllimport))
configure:24690: g++ -std=c++11 -o conftest -g -O2  -DZHC_BUILD -DHAVE_BUILD_INFO -D__STDC_FORMAT_MACROS  conftest.cpp  >&5
conftest.cpp:34:62: warning: 'dllimport' attribute directive ignored [-Wattributes]
   34 |                     int foo( void ) __attribute__((dllimport));
      |                                                              ^
configure:24690: $? = 0
configure:24705: result: no
configure:24878: checking for library containing clock_gettime
configure:24907: g++ -std=c++11 -o conftest -g -O2  -DZHC_BUILD -DHAVE_BUILD_INFO -D__STDC_FORMAT_MACROS  conftest.cpp  >&5
configure:24907: $? = 0
configure:24927: result: none required
configure:25069: checking whether C++ compiler accepts -fPIC
configure:25089: g++ -std=c++11 -c -g -O2  -fPIC  -DZHC_BUILD -DHAVE_BUILD_INFO -D__STDC_FORMAT_MACROS conftest.cpp >&5
configure:25089: $? = 0
configure:25098: result: yes
configure:25112: checking whether C++ compiler accepts -fstack-reuse=none
configure:25132: g++ -std=c++11 -c -g -O2  -fstack-reuse=none  -DZHC_BUILD -DHAVE_BUILD_INFO -D__STDC_FORMAT_MACROS conftest.cpp >&5
configure:25132: $? = 0
configure:25141: result: yes
configure:25152: checking whether C++ compiler accepts -Wstack-protector
configure:25172: g++ -std=c++11 -c -g -O2  -Wstack-protector  -DZHC_BUILD -DHAVE_BUILD_INFO -D__STDC_FORMAT_MACROS conftest.cpp >&5
configure:25172: $? = 0
configure:25181: result: yes
configure:25190: checking whether C++ compiler accepts -fstack-protector-all
configure:25210: g++ -std=c++11 -c -g -O2  -fstack-protector-all  -DZHC_BUILD -DHAVE_BUILD_INFO -D__STDC_FORMAT_MACROS conftest.cpp >&5
configure:25210: $? = 0
configure:25219: result: yes
configure:25229: checking whether C++ preprocessor accepts -D_FORTIFY_SOURCE=2
configure:25249: g++ -std=c++11 -E  -DZHC_BUILD -DHAVE_BUILD_INFO -D__STDC_FORMAT_MACROS  -D_FORTIFY_SOURCE=2 conftest.cpp
configure:25249: $? = 0
configure:25258: result: yes
configure:25263: checking whether C++ preprocessor accepts -U_FORTIFY_SOURCE
configure:25283: g++ -std=c++11 -E  -DZHC_BUILD -DHAVE_BUILD_INFO -D__STDC_FORMAT_MACROS  -U_FORTIFY_SOURCE conftest.cpp
configure:25283: $? = 0
configure:25292: result: yes
configure:25310: checking whether the linker accepts -Wl,--dynamicbase
configure:25330: g++ -std=c++11 -o conftest -g -O2  -DZHC_BUILD -DHAVE_BUILD_INFO -D__STDC_FORMAT_MACROS   -Wl,--dynamicbase conftest.cpp  >&5
/usr/bin/ld: unrecognized option '--dynamicbase'
/usr/bin/ld: use the --help option for usage information
collect2: error: ld returned 1 exit status
configure:25330: $? = 1
configure: failed program was:
| /* confdefs.h */
| #define PACKAGE_NAME "ZHCASH Core"
| #define PACKAGE_TARNAME "zerohourcash"
| #define PACKAGE_VERSION "0.18.10"
| #define PACKAGE_STRING "ZHCASH Core 0.18.10"
| #define PACKAGE_BUGREPORT "https://github.com/zerohourcash/zerohourcash/issues"
| #define PACKAGE_URL "https://zh.cash/"
| #define HAVE_CXX11 1
| #define HAVE_STDIO_H 1
| #define HAVE_STDLIB_H 1
| #define HAVE_STRING_H 1
| #define HAVE_INTTYPES_H 1
| #define HAVE_STDINT_H 1
| #define HAVE_STRINGS_H 1
| #define HAVE_SYS_STAT_H 1
| #define HAVE_SYS_TYPES_H 1
| #define HAVE_UNISTD_H 1
| #define STDC_HEADERS 1
| #define HAVE_DLFCN_H 1
| #define LT_OBJDIR ".libs/"
| #define USE_ASM 1
| #define ENABLE_SSE41 1
| #define ENABLE_AVX2 1
| #define ENABLE_SHANI 1
| #define HAVE_PTHREAD_PRIO_INHERIT 1
| #define HAVE_PTHREAD 1
| #define HAVE_DECL_STRERROR_R 1
| #define HAVE_STRERROR_R 1
| #define STRERROR_R_CHAR_P 1
| #define HAVE_FUNC_ATTRIBUTE_VISIBILITY 1
| /* end confdefs.h.  */
| 
| int
| main (void)
| {
| 
|   ;
|   return 0;
| }
configure:25340: result: no
configure:25349: checking whether the linker accepts -Wl,--nxcompat
configure:25369: g++ -std=c++11 -o conftest -g -O2  -DZHC_BUILD -DHAVE_BUILD_INFO -D__STDC_FORMAT_MACROS   -Wl,--nxcompat conftest.cpp  >&5
/usr/bin/ld: unrecognized option '--nxcompat'
/usr/bin/ld: use the --help option for usage information
collect2: error: ld returned 1 exit status
configure:25369: $? = 1
configure: failed program was:
| /* confdefs.h */
| #define PACKAGE_NAME "ZHCASH Core"
| #define PACKAGE_TARNAME "zerohourcash"
| #define PACKAGE_VERSION "0.18.10"
| #define PACKAGE_STRING "ZHCASH Core 0.18.10"
| #define PACKAGE_BUGREPORT "https://github.com/zerohourcash/zerohourcash/issues"
| #define PACKAGE_URL "https://zh.cash/"
| #define HAVE_CXX11 1
| #define HAVE_STDIO_H 1
| #define HAVE_STDLIB_H 1
| #define HAVE_STRING_H 1
| #define HAVE_INTTYPES_H 1
| #define HAVE_STDINT_H 1
| #define HAVE_STRINGS_H 1
| #define HAVE_SYS_STAT_H 1
| #define HAVE_SYS_TYPES_H 1
| #define HAVE_UNISTD_H 1
| #define STDC_HEADERS 1
| #define HAVE_DLFCN_H 1
| #define LT_OBJDIR ".libs/"
| #define USE_ASM 1
| #define ENABLE_SSE41 1
| #define ENABLE_AVX2 1
| #define ENABLE_SHANI 1
| #define HAVE_PTHREAD_PRIO_INHERIT 1
| #define HAVE_PTHREAD 1
| #define HAVE_DECL_STRERROR_R 1
| #define HAVE_STRERROR_R 1
| #define STRERROR_R_CHAR_P 1
| #define HAVE_FUNC_ATTRIBUTE_VISIBILITY 1
| /* end confdefs.h.  */
| 
| int
| main (void)
| {
| 
|   ;
|   return 0;
| }
configure:25379: result: no
configure:25388: checking whether the linker accepts -Wl,--high-entropy-va
configure:25408: g++ -std=c++11 -o conftest -g -O2  -DZHC_BUILD -DHAVE_BUILD_INFO -D__STDC_FORMAT_MACROS   -Wl,--high-entropy-va conftest.cpp  >&5
/usr/bin/ld: unrecognized option '--high-entropy-va'
/usr/bin/ld: use the --help option for usage information
collect2: error: ld returned 1 exit status
configure:25408: $? = 1
configure: failed program was:
| /* confdefs.h */
| #define PACKAGE_NAME "ZHCASH Core"
| #define PACKAGE_TARNAME "zerohourcash"
| #define PACKAGE_VERSION "0.18.10"
| #define PACKAGE_STRING "ZHCASH Core 0.18.10"
| #define PACKAGE_BUGREPORT "https://github.com/zerohourcash/zerohourcash/issues"
| #define PACKAGE_URL "https://zh.cash/"
| #define HAVE_CXX11 1
| #define HAVE_STDIO_H 1
| #define HAVE_STDLIB_H 1
| #define HAVE_STRING_H 1
| #define HAVE_INTTYPES_H 1
| #define HAVE_STDINT_H 1
| #define HAVE_STRINGS_H 1
| #define HAVE_SYS_STAT_H 1
| #define HAVE_SYS_TYPES_H 1
| #define HAVE_UNISTD_H 1
| #define STDC_HEADERS 1
| #define HAVE_DLFCN_H 1
| #define LT_OBJDIR ".libs/"
| #define USE_ASM 1
| #define ENABLE_SSE41 1
| #define ENABLE_AVX2 1
| #define ENABLE_SHANI 1
| #define HAVE_PTHREAD_PRIO_INHERIT 1
| #define HAVE_PTHREAD 1
| #define HAVE_DECL_STRERROR_R 1
| #define HAVE_STRERROR_R 1
| #define STRERROR_R_CHAR_P 1
| #define HAVE_FUNC_ATTRIBUTE_VISIBILITY 1
| /* end confdefs.h.  */
| 
| int
| main (void)
| {
| 
|   ;
|   return 0;
| }
configure:25418: result: no
configure:25427: checking whether the linker accepts -Wl,-z,relro
configure:25447: g++ -std=c++11 -o conftest -g -O2  -DZHC_BUILD -DHAVE_BUILD_INFO -D__STDC_FORMAT_MACROS   -Wl,-z,relro conftest.cpp  >&5
configure:25447: $? = 0
configure:25457: result: yes
configure:25466: checking whether the linker accepts -Wl,-z,now
configure:25486: g++ -std=c++11 -o conftest -g -O2  -DZHC_BUILD -DHAVE_BUILD_INFO -D__STDC_FORMAT_MACROS   -Wl,-z,now conftest.cpp  >&5
configure:25486: $? = 0
configure:25496: result: yes
configure:25506: checking whether the linker accepts -fPIE -pie
configure:25526: g++ -std=c++11 -o conftest -g -O2  -DZHC_BUILD -DHAVE_BUILD_INFO -D__STDC_FORMAT_MACROS  -Werror -fPIE -pie conftest.cpp  >&5
configure:25526: $? = 0
configure:25537: result: yes
configure:25639: checking for endian.h
configure:25639: g++ -std=c++11 -c -g -O2  -DZHC_BUILD -DHAVE_BUILD_INFO -D__STDC_FORMAT_MACROS conftest.cpp >&5
configure:25639: $? = 0
configure:25639: result: yes
configure:25645: checking for sys/endian.h
configure:25645: g++ -std=c++11 -c -g -O2  -DZHC_BUILD -DHAVE_BUILD_INFO -D__STDC_FORMAT_MACROS conftest.cpp >&5
conftest.cpp:61:10: fatal error: sys/endian.h: No such file or directory
   61 | #include <sys/endian.h>
      |          ^~~~~~~~~~~~~~
compilation terminated.
configure:25645: $? = 1
configure: failed program was:
| /* confdefs.h */
| #define PACKAGE_NAME "ZHCASH Core"
| #define PACKAGE_TARNAME "zerohourcash"
| #define PACKAGE_VERSION "0.18.10"
| #define PACKAGE_STRING "ZHCASH Core 0.18.10"
| #define PACKAGE_BUGREPORT "https://github.com/zerohourcash/zerohourcash/issues"
| #define PACKAGE_URL "https://zh.cash/"
| #define HAVE_CXX11 1
| #define HAVE_STDIO_H 1
| #define HAVE_STDLIB_H 1
| #define HAVE_STRING_H 1
| #define HAVE_INTTYPES_H 1
| #define HAVE_STDINT_H 1
| #define HAVE_STRINGS_H 1
| #define HAVE_SYS_STAT_H 1
| #define HAVE_SYS_TYPES_H 1
| #define HAVE_UNISTD_H 1
| #define STDC_HEADERS 1
| #define HAVE_DLFCN_H 1
| #define LT_OBJDIR ".libs/"
| #define USE_ASM 1
| #define ENABLE_SSE41 1
| #define ENABLE_AVX2 1
| #define ENABLE_SHANI 1
| #define HAVE_PTHREAD_PRIO_INHERIT 1
| #define HAVE_PTHREAD 1
| #define HAVE_DECL_STRERROR_R 1
| #define HAVE_STRERROR_R 1
| #define STRERROR_R_CHAR_P 1
| #define HAVE_FUNC_ATTRIBUTE_VISIBILITY 1
| #define HAVE_ENDIAN_H 1
| /* end confdefs.h.  */
| #include <stddef.h>
| #ifdef HAVE_STDIO_H
| # include <stdio.h>
| #endif
| #ifdef HAVE_STDLIB_H
| # include <stdlib.h>
| #endif
| #ifdef HAVE_STRING_H
| # include <string.h>
| #endif
| #ifdef HAVE_INTTYPES_H
| # include <inttypes.h>
| #endif
| #ifdef HAVE_STDINT_H
| # include <stdint.h>
| #endif
| #ifdef HAVE_STRINGS_H
| # include <strings.h>
| #endif
| #ifdef HAVE_SYS_TYPES_H
| # include <sys/types.h>
| #endif
| #ifdef HAVE_SYS_STAT_H
| # include <sys/stat.h>
| #endif
| #ifdef HAVE_UNISTD_H
| # include <unistd.h>
| #endif
| #include <sys/endian.h>
configure:25645: result: no
configure:25651: checking for byteswap.h
configure:25651: g++ -std=c++11 -c -g -O2  -DZHC_BUILD -DHAVE_BUILD_INFO -D__STDC_FORMAT_MACROS conftest.cpp >&5
configure:25651: $? = 0
configure:25651: result: yes
configure:25657: checking for stdio.h
configure:25657: result: yes
configure:25663: checking for stdlib.h
configure:25663: result: yes
configure:25669: checking for unistd.h
configure:25669: result: yes
configure:25675: checking for strings.h
configure:25675: result: yes
configure:25681: checking for sys/types.h
configure:25681: result: yes
configure:25687: checking for sys/stat.h
configure:25687: result: yes
configure:25693: checking for sys/select.h
configure:25693: g++ -std=c++11 -c -g -O2  -DZHC_BUILD -DHAVE_BUILD_INFO -D__STDC_FORMAT_MACROS conftest.cpp >&5
configure:25693: $? = 0
configure:25693: result: yes
configure:25699: checking for sys/prctl.h
configure:25699: g++ -std=c++11 -c -g -O2  -DZHC_BUILD -DHAVE_BUILD_INFO -D__STDC_FORMAT_MACROS conftest.cpp >&5
configure:25699: $? = 0
configure:25699: result: yes
configure:25707: checking whether getifaddrs is declared
configure:25707: g++ -std=c++11 -c -g -O2   -DZHC_BUILD -DHAVE_BUILD_INFO -D__STDC_FORMAT_MACROS conftest.cpp >&5
configure:25707: $? = 0
configure:25707: result: yes
configure:25718: checking whether freeifaddrs is declared
configure:25718: g++ -std=c++11 -c -g -O2   -DZHC_BUILD -DHAVE_BUILD_INFO -D__STDC_FORMAT_MACROS conftest.cpp >&5
configure:25718: $? = 0
configure:25718: result: yes
configure:25730: checking whether strnlen is declared
configure:25730: g++ -std=c++11 -c -g -O2   -DZHC_BUILD -DHAVE_BUILD_INFO -D__STDC_FORMAT_MACROS conftest.cpp >&5
configure:25730: $? = 0
configure:25730: result: yes
configure:25741: checking whether daemon is declared
configure:25741: g++ -std=c++11 -c -g -O2   -DZHC_BUILD -DHAVE_BUILD_INFO -D__STDC_FORMAT_MACROS conftest.cpp >&5
configure:25741: $? = 0
configure:25741: result: yes
configure:25751: checking whether le16toh is declared
configure:25751: g++ -std=c++11 -c -g -O2   -DZHC_BUILD -DHAVE_BUILD_INFO -D__STDC_FORMAT_MACROS conftest.cpp >&5
configure:25751: $? = 0
configure:25751: result: yes
configure:25764: checking whether le32toh is declared
configure:25764: g++ -std=c++11 -c -g -O2   -DZHC_BUILD -DHAVE_BUILD_INFO -D__STDC_FORMAT_MACROS conftest.cpp >&5
configure:25764: $? = 0
configure:25764: result: yes
configure:25777: checking whether le64toh is declared
configure:25777: g++ -std=c++11 -c -g -O2   -DZHC_BUILD -DHAVE_BUILD_INFO -D__STDC_FORMAT_MACROS conftest.cpp >&5
configure:25777: $? = 0
configure:25777: result: yes
configure:25790: checking whether htole16 is declared
configure:25790: g++ -std=c++11 -c -g -O2   -DZHC_BUILD -DHAVE_BUILD_INFO -D__STDC_FORMAT_MACROS conftest.cpp >&5
configure:25790: $? = 0
configure:25790: result: yes
configure:25803: checking whether htole32 is declared
configure:25803: g++ -std=c++11 -c -g -O2   -DZHC_BUILD -DHAVE_BUILD_INFO -D__STDC_FORMAT_MACROS conftest.cpp >&5
configure:25803: $? = 0
configure:25803: result: yes
configure:25816: checking whether htole64 is declared
configure:25816: g++ -std=c++11 -c -g -O2   -DZHC_BUILD -DHAVE_BUILD_INFO -D__STDC_FORMAT_MACROS conftest.cpp >&5
configure:25816: $? = 0
configure:25816: result: yes
configure:25829: checking whether be16toh is declared
configure:25829: g++ -std=c++11 -c -g -O2   -DZHC_BUILD -DHAVE_BUILD_INFO -D__STDC_FORMAT_MACROS conftest.cpp >&5
configure:25829: $? = 0
configure:25829: result: yes
configure:25842: checking whether be32toh is declared
configure:25842: g++ -std=c++11 -c -g -O2   -DZHC_BUILD -DHAVE_BUILD_INFO -D__STDC_FORMAT_MACROS conftest.cpp >&5
configure:25842: $? = 0
configure:25842: result: yes
configure:25855: checking whether be64toh is declared
configure:25855: g++ -std=c++11 -c -g -O2   -DZHC_BUILD -DHAVE_BUILD_INFO -D__STDC_FORMAT_MACROS conftest.cpp >&5
configure:25855: $? = 0
configure:25855: result: yes
configure:25868: checking whether htobe16 is declared
configure:25868: g++ -std=c++11 -c -g -O2   -DZHC_BUILD -DHAVE_BUILD_INFO -D__STDC_FORMAT_MACROS conftest.cpp >&5
configure:25868: $? = 0
configure:25868: result: yes
configure:25881: checking whether htobe32 is declared
configure:25881: g++ -std=c++11 -c -g -O2   -DZHC_BUILD -DHAVE_BUILD_INFO -D__STDC_FORMAT_MACROS conftest.cpp >&5
configure:25881: $? = 0
configure:25881: result: yes
configure:25894: checking whether htobe64 is declared
configure:25894: g++ -std=c++11 -c -g -O2   -DZHC_BUILD -DHAVE_BUILD_INFO -D__STDC_FORMAT_MACROS conftest.cpp >&5
configure:25894: $? = 0
configure:25894: result: yes
configure:25909: checking whether bswap_16 is declared
configure:25909: g++ -std=c++11 -c -g -O2   -DZHC_BUILD -DHAVE_BUILD_INFO -D__STDC_FORMAT_MACROS conftest.cpp >&5
configure:25909: $? = 0
configure:25909: result: yes
configure:25920: checking whether bswap_32 is declared
configure:25920: g++ -std=c++11 -c -g -O2   -DZHC_BUILD -DHAVE_BUILD_INFO -D__STDC_FORMAT_MACROS conftest.cpp >&5
configure:25920: $? = 0
configure:25920: result: yes
configure:25931: checking whether bswap_64 is declared
configure:25931: g++ -std=c++11 -c -g -O2   -DZHC_BUILD -DHAVE_BUILD_INFO -D__STDC_FORMAT_MACROS conftest.cpp >&5
configure:25931: $? = 0
configure:25931: result: yes
configure:25944: checking whether __builtin_clz is declared
configure:25944: g++ -std=c++11 -c -g -O2   -DZHC_BUILD -DHAVE_BUILD_INFO -D__STDC_FORMAT_MACROS conftest.cpp >&5
configure:25944: $? = 0
configure:25944: result: yes
configure:25952: checking whether __builtin_clzl is declared
configure:25952: g++ -std=c++11 -c -g -O2   -DZHC_BUILD -DHAVE_BUILD_INFO -D__STDC_FORMAT_MACROS conftest.cpp >&5
configure:25952: $? = 0
configure:25952: result: yes
configure:25960: checking whether __builtin_clzll is declared
configure:25960: g++ -std=c++11 -c -g -O2   -DZHC_BUILD -DHAVE_BUILD_INFO -D__STDC_FORMAT_MACROS conftest.cpp >&5
configure:25960: $? = 0
configure:25960: result: yes
configure:25970: checking for getmemoryinfo
configure:25983: g++ -std=c++11 -c -g -O2  -DZHC_BUILD -DHAVE_BUILD_INFO -D__STDC_FORMAT_MACROS conftest.cpp >&5
configure:25983: $? = 0
configure:25985: result: yes
configure:25996: checking for mallopt M_ARENA_MAX
configure:26009: g++ -std=c++11 -c -g -O2  -DZHC_BUILD -DHAVE_BUILD_INFO -D__STDC_FORMAT_MACROS conftest.cpp >&5
configure:26009: $? = 0
configure:26011: result: yes
configure:26022: checking for visibility attribute
configure:26031: g++ -std=c++11 -o conftest -g -O2  -DZHC_BUILD -DHAVE_BUILD_INFO -D__STDC_FORMAT_MACROS  conftest.cpp  >&5
configure:26031: $? = 0
configure:26037: result: yes
configure:26055: checking for thread_local support
configure:26069: g++ -std=c++11 -o conftest -g -O2  -DZHC_BUILD -DHAVE_BUILD_INFO -D__STDC_FORMAT_MACROS  -pthread conftest.cpp  >&5
configure:26069: $? = 0
configure:26075: result: yes
configure:26091: checking for gmtime_r
configure:26104: g++ -std=c++11 -c -g -O2  -DZHC_BUILD -DHAVE_BUILD_INFO -D__STDC_FORMAT_MACROS conftest.cpp >&5
configure:26104: $? = 0
configure:26106: result: yes
configure:26142: checking for Linux getrandom syscall
configure:26157: g++ -std=c++11 -c -g -O2  -DZHC_BUILD -DHAVE_BUILD_INFO -D__STDC_FORMAT_MACROS conftest.cpp >&5
configure:26157: $? = 0
configure:26159: result: yes
configure:26170: checking for getentropy
configure:26183: g++ -std=c++11 -c -g -O2  -DZHC_BUILD -DHAVE_BUILD_INFO -D__STDC_FORMAT_MACROS conftest.cpp >&5
conftest.cpp: In function 'int main()':
conftest.cpp:74:12: warning: ignoring return value of 'int getentropy(void*, size_t)' declared with attribute 'warn_unused_result' [-Wunused-result]
   74 |  getentropy(nullptr, 32)
      |  ~~~~~~~~~~^~~~~~~~~~~~~
conftest.cpp:74:12: warning: argument 1 is null but the corresponding size argument 2 value is 32 [-Wnonnull]
   74 |  getentropy(nullptr, 32)
      |  ~~~~~~~~~~^~~~~~~~~~~~~
In file included from conftest.cpp:70:
/usr/include/unistd.h:1201:5: note: in a call to function 'int getentropy(void*, size_t)' declared with attribute 'access (write_only, 1, 2)'
 1201 | int getentropy (void *__buffer, size_t __length) __wur
      |     ^~~~~~~~~~
configure:26183: $? = 0
configure:26185: result: yes
configure:26196: checking for getentropy via random.h
configure:26210: g++ -std=c++11 -c -g -O2  -DZHC_BUILD -DHAVE_BUILD_INFO -D__STDC_FORMAT_MACROS conftest.cpp >&5
conftest.cpp: In function 'int main()':
conftest.cpp:76:12: warning: ignoring return value of 'int getentropy(void*, size_t)' declared with attribute 'warn_unused_result' [-Wunused-result]
   76 |  getentropy(nullptr, 32)
      |  ~~~~~~~~~~^~~~~~~~~~~~~
conftest.cpp:76:12: warning: argument 1 is null but the corresponding size argument 2 value is 32 [-Wnonnull]
   76 |  getentropy(nullptr, 32)
      |  ~~~~~~~~~~^~~~~~~~~~~~~
In file included from conftest.cpp:72:
/usr/include/x86_64-linux-gnu/sys/random.h:40:5: note: in a call to function 'int getentropy(void*, size_t)' declared with attribute 'access (write_only, 1, 2)'
   40 | int getentropy (void *__buffer, size_t __length) __wur
      |     ^~~~~~~~~~
configure:26210: $? = 0
configure:26212: result: yes
configure:26223: checking for sysctl KERN_ARND
configure:26238: g++ -std=c++11 -c -g -O2  -DZHC_BUILD -DHAVE_BUILD_INFO -D__STDC_FORMAT_MACROS conftest.cpp >&5
conftest.cpp:73:12: fatal error: sys/sysctl.h: No such file or directory
   73 |   #include <sys/sysctl.h>
      |            ^~~~~~~~~~~~~~
compilation terminated.
configure:26238: $? = 1
configure: failed program was:
| /* confdefs.h */
| #define PACKAGE_NAME "ZHCASH Core"
| #define PACKAGE_TARNAME "zerohourcash"
| #define PACKAGE_VERSION "0.18.10"
| #define PACKAGE_STRING "ZHCASH Core 0.18.10"
| #define PACKAGE_BUGREPORT "https://github.com/zerohourcash/zerohourcash/issues"
| #define PACKAGE_URL "https://zh.cash/"
| #define HAVE_CXX11 1
| #define HAVE_STDIO_H 1
| #define HAVE_STDLIB_H 1
| #define HAVE_STRING_H 1
| #define HAVE_INTTYPES_H 1
| #define HAVE_STDINT_H 1
| #define HAVE_STRINGS_H 1
| #define HAVE_SYS_STAT_H 1
| #define HAVE_SYS_TYPES_H 1
| #define HAVE_UNISTD_H 1
| #define STDC_HEADERS 1
| #define HAVE_DLFCN_H 1
| #define LT_OBJDIR ".libs/"
| #define USE_ASM 1
| #define ENABLE_SSE41 1
| #define ENABLE_AVX2 1
| #define ENABLE_SHANI 1
| #define HAVE_PTHREAD_PRIO_INHERIT 1
| #define HAVE_PTHREAD 1
| #define HAVE_DECL_STRERROR_R 1
| #define HAVE_STRERROR_R 1
| #define STRERROR_R_CHAR_P 1
| #define HAVE_FUNC_ATTRIBUTE_VISIBILITY 1
| #define HAVE_ENDIAN_H 1
| #define HAVE_BYTESWAP_H 1
| #define HAVE_STDIO_H 1
| #define HAVE_STDLIB_H 1
| #define HAVE_UNISTD_H 1
| #define HAVE_STRINGS_H 1
| #define HAVE_SYS_TYPES_H 1
| #define HAVE_SYS_STAT_H 1
| #define HAVE_SYS_SELECT_H 1
| #define HAVE_SYS_PRCTL_H 1
| #define HAVE_DECL_GETIFADDRS 1
| #define HAVE_DECL_FREEIFADDRS 1
| #define HAVE_DECL_STRNLEN 1
| #define HAVE_DECL_DAEMON 1
| #define HAVE_DECL_LE16TOH 1
| #define HAVE_DECL_LE32TOH 1
| #define HAVE_DECL_LE64TOH 1
| #define HAVE_DECL_HTOLE16 1
| #define HAVE_DECL_HTOLE32 1
| #define HAVE_DECL_HTOLE64 1
| #define HAVE_DECL_BE16TOH 1
| #define HAVE_DECL_BE32TOH 1
| #define HAVE_DECL_BE64TOH 1
| #define HAVE_DECL_HTOBE16 1
| #define HAVE_DECL_HTOBE32 1
| #define HAVE_DECL_HTOBE64 1
| #define HAVE_DECL_BSWAP_16 1
| #define HAVE_DECL_BSWAP_32 1
| #define HAVE_DECL_BSWAP_64 1
| #define HAVE_DECL___BUILTIN_CLZ 1
| #define HAVE_DECL___BUILTIN_CLZL 1
| #define HAVE_DECL___BUILTIN_CLZLL 1
| #define HAVE_MALLOC_INFO 1
| #define HAVE_MALLOPT_ARENA_MAX 1
| #define HAVE_VISIBILITY_ATTRIBUTE 1
| #define HAVE_THREAD_LOCAL 1
| #define HAVE_GMTIME_R 1
| #define HAVE_SYS_GETRANDOM 1
| #define HAVE_GETENTROPY 1
| #define HAVE_GETENTROPY_RAND 1
| /* end confdefs.h.  */
| #include <sys/types.h>
|   #include <sys/sysctl.h>
| int
| main (void)
| {
|  static const int name[2] = {CTL_KERN, KERN_ARND};
|     sysctl(name, 2, nullptr, nullptr, nullptr, 0);
|   ;
|   return 0;
| }
configure:26245: result: no
configure:26251: checking for if type char equals int8_t
configure:26265: g++ -std=c++11 -c -g -O2  -DZHC_BUILD -DHAVE_BUILD_INFO -D__STDC_FORMAT_MACROS conftest.cpp >&5
conftest.cpp: In function 'int main()':
conftest.cpp:77:44: error: static assertion failed
   77 |  static_assert(std::is_same<int8_t, char>::value, "");
      |                ~~~~~~~~~~~~~~~~~~~~~~~~~~~~^~~~~
configure:26265: $? = 1
configure: failed program was:
| /* confdefs.h */
| #define PACKAGE_NAME "ZHCASH Core"
| #define PACKAGE_TARNAME "zerohourcash"
| #define PACKAGE_VERSION "0.18.10"
| #define PACKAGE_STRING "ZHCASH Core 0.18.10"
| #define PACKAGE_BUGREPORT "https://github.com/zerohourcash/zerohourcash/issues"
| #define PACKAGE_URL "https://zh.cash/"
| #define HAVE_CXX11 1
| #define HAVE_STDIO_H 1
| #define HAVE_STDLIB_H 1
| #define HAVE_STRING_H 1
| #define HAVE_INTTYPES_H 1
| #define HAVE_STDINT_H 1
| #define HAVE_STRINGS_H 1
| #define HAVE_SYS_STAT_H 1
| #define HAVE_SYS_TYPES_H 1
| #define HAVE_UNISTD_H 1
| #define STDC_HEADERS 1
| #define HAVE_DLFCN_H 1
| #define LT_OBJDIR ".libs/"
| #define USE_ASM 1
| #define ENABLE_SSE41 1
| #define ENABLE_AVX2 1
| #define ENABLE_SHANI 1
| #define HAVE_PTHREAD_PRIO_INHERIT 1
| #define HAVE_PTHREAD 1
| #define HAVE_DECL_STRERROR_R 1
| #define HAVE_STRERROR_R 1
| #define STRERROR_R_CHAR_P 1
| #define HAVE_FUNC_ATTRIBUTE_VISIBILITY 1
| #define HAVE_ENDIAN_H 1
| #define HAVE_BYTESWAP_H 1
| #define HAVE_STDIO_H 1
| #define HAVE_STDLIB_H 1
| #define HAVE_UNISTD_H 1
| #define HAVE_STRINGS_H 1
| #define HAVE_SYS_TYPES_H 1
| #define HAVE_SYS_STAT_H 1
| #define HAVE_SYS_SELECT_H 1
| #define HAVE_SYS_PRCTL_H 1
| #define HAVE_DECL_GETIFADDRS 1
| #define HAVE_DECL_FREEIFADDRS 1
| #define HAVE_DECL_STRNLEN 1
| #define HAVE_DECL_DAEMON 1
| #define HAVE_DECL_LE16TOH 1
| #define HAVE_DECL_LE32TOH 1
| #define HAVE_DECL_LE64TOH 1
| #define HAVE_DECL_HTOLE16 1
| #define HAVE_DECL_HTOLE32 1
| #define HAVE_DECL_HTOLE64 1
| #define HAVE_DECL_BE16TOH 1
| #define HAVE_DECL_BE32TOH 1
| #define HAVE_DECL_BE64TOH 1
| #define HAVE_DECL_HTOBE16 1
| #define HAVE_DECL_HTOBE32 1
| #define HAVE_DECL_HTOBE64 1
| #define HAVE_DECL_BSWAP_16 1
| #define HAVE_DECL_BSWAP_32 1
| #define HAVE_DECL_BSWAP_64 1
| #define HAVE_DECL___BUILTIN_CLZ 1
| #define HAVE_DECL___BUILTIN_CLZL 1
| #define HAVE_DECL___BUILTIN_CLZLL 1
| #define HAVE_MALLOC_INFO 1
| #define HAVE_MALLOPT_ARENA_MAX 1
| #define HAVE_VISIBILITY_ATTRIBUTE 1
| #define HAVE_THREAD_LOCAL 1
| #define HAVE_GMTIME_R 1
| #define HAVE_SYS_GETRANDOM 1
| #define HAVE_GETENTROPY 1
| #define HAVE_GETENTROPY_RAND 1
| /* end confdefs.h.  */
| #include <stdint.h>
|   #include <type_traits>
| int
| main (void)
| {
|  static_assert(std::is_same<int8_t, char>::value, "");
|   ;
|   return 0;
| }
configure:26272: result: no
configure:26551: checking for miniupnpc/miniwget.h
configure:26551: g++ -std=c++11 -c -g -O2  -DZHC_BUILD -DHAVE_BUILD_INFO -D__STDC_FORMAT_MACROS conftest.cpp >&5
conftest.cpp:100:10: fatal error: miniupnpc/miniwget.h: No such file or directory
  100 | #include <miniupnpc/miniwget.h>
      |          ^~~~~~~~~~~~~~~~~~~~~~
compilation terminated.
configure:26551: $? = 1
configure: failed program was:
| /* confdefs.h */
| #define PACKAGE_NAME "ZHCASH Core"
| #define PACKAGE_TARNAME "zerohourcash"
| #define PACKAGE_VERSION "0.18.10"
| #define PACKAGE_STRING "ZHCASH Core 0.18.10"
| #define PACKAGE_BUGREPORT "https://github.com/zerohourcash/zerohourcash/issues"
| #define PACKAGE_URL "https://zh.cash/"
| #define HAVE_CXX11 1
| #define HAVE_STDIO_H 1
| #define HAVE_STDLIB_H 1
| #define HAVE_STRING_H 1
| #define HAVE_INTTYPES_H 1
| #define HAVE_STDINT_H 1
| #define HAVE_STRINGS_H 1
| #define HAVE_SYS_STAT_H 1
| #define HAVE_SYS_TYPES_H 1
| #define HAVE_UNISTD_H 1
| #define STDC_HEADERS 1
| #define HAVE_DLFCN_H 1
| #define LT_OBJDIR ".libs/"
| #define USE_ASM 1
| #define ENABLE_SSE41 1
| #define ENABLE_AVX2 1
| #define ENABLE_SHANI 1
| #define HAVE_PTHREAD_PRIO_INHERIT 1
| #define HAVE_PTHREAD 1
| #define HAVE_DECL_STRERROR_R 1
| #define HAVE_STRERROR_R 1
| #define STRERROR_R_CHAR_P 1
| #define HAVE_FUNC_ATTRIBUTE_VISIBILITY 1
| #define HAVE_ENDIAN_H 1
| #define HAVE_BYTESWAP_H 1
| #define HAVE_STDIO_H 1
| #define HAVE_STDLIB_H 1
| #define HAVE_UNISTD_H 1
| #define HAVE_STRINGS_H 1
| #define HAVE_SYS_TYPES_H 1
| #define HAVE_SYS_STAT_H 1
| #define HAVE_SYS_SELECT_H 1
| #define HAVE_SYS_PRCTL_H 1
| #define HAVE_DECL_GETIFADDRS 1
| #define HAVE_DECL_FREEIFADDRS 1
| #define HAVE_DECL_STRNLEN 1
| #define HAVE_DECL_DAEMON 1
| #define HAVE_DECL_LE16TOH 1
| #define HAVE_DECL_LE32TOH 1
| #define HAVE_DECL_LE64TOH 1
| #define HAVE_DECL_HTOLE16 1
| #define HAVE_DECL_HTOLE32 1
| #define HAVE_DECL_HTOLE64 1
| #define HAVE_DECL_BE16TOH 1
| #define HAVE_DECL_BE32TOH 1
| #define HAVE_DECL_BE64TOH 1
| #define HAVE_DECL_HTOBE16 1
| #define HAVE_DECL_HTOBE32 1
| #define HAVE_DECL_HTOBE64 1
| #define HAVE_DECL_BSWAP_16 1
| #define HAVE_DECL_BSWAP_32 1
| #define HAVE_DECL_BSWAP_64 1
| #define HAVE_DECL___BUILTIN_CLZ 1
| #define HAVE_DECL___BUILTIN_CLZL 1
| #define HAVE_DECL___BUILTIN_CLZLL 1
| #define HAVE_MALLOC_INFO 1
| #define HAVE_MALLOPT_ARENA_MAX 1
| #define HAVE_VISIBILITY_ATTRIBUTE 1
| #define HAVE_THREAD_LOCAL 1
| #define HAVE_GMTIME_R 1
| #define HAVE_SYS_GETRANDOM 1
| #define HAVE_GETENTROPY 1
| #define HAVE_GETENTROPY_RAND 1
| /* end confdefs.h.  */
| #include <stddef.h>
| #ifdef HAVE_STDIO_H
| # include <stdio.h>
| #endif
| #ifdef HAVE_STDLIB_H
| # include <stdlib.h>
| #endif
| #ifdef HAVE_STRING_H
| # include <string.h>
| #endif
| #ifdef HAVE_INTTYPES_H
| # include <inttypes.h>
| #endif
| #ifdef HAVE_STDINT_H
| # include <stdint.h>
| #endif
| #ifdef HAVE_STRINGS_H
| # include <strings.h>
| #endif
| #ifdef HAVE_SYS_TYPES_H
| # include <sys/types.h>
| #endif
| #ifdef HAVE_SYS_STAT_H
| # include <sys/stat.h>
| #endif
| #ifdef HAVE_UNISTD_H
| # include <unistd.h>
| #endif
| #include <miniupnpc/miniwget.h>
configure:26551: result: no
configure:26551: checking for miniupnpc/miniupnpc.h
configure:26551: g++ -std=c++11 -c -g -O2  -DZHC_BUILD -DHAVE_BUILD_INFO -D__STDC_FORMAT_MACROS conftest.cpp >&5
conftest.cpp:100:10: fatal error: miniupnpc/miniupnpc.h: No such file or directory
  100 | #include <miniupnpc/miniupnpc.h>
      |          ^~~~~~~~~~~~~~~~~~~~~~~
compilation terminated.
configure:26551: $? = 1
configure: failed program was:
| /* confdefs.h */
| #define PACKAGE_NAME "ZHCASH Core"
| #define PACKAGE_TARNAME "zerohourcash"
| #define PACKAGE_VERSION "0.18.10"
| #define PACKAGE_STRING "ZHCASH Core 0.18.10"
| #define PACKAGE_BUGREPORT "https://github.com/zerohourcash/zerohourcash/issues"
| #define PACKAGE_URL "https://zh.cash/"
| #define HAVE_CXX11 1
| #define HAVE_STDIO_H 1
| #define HAVE_STDLIB_H 1
| #define HAVE_STRING_H 1
| #define HAVE_INTTYPES_H 1
| #define HAVE_STDINT_H 1
| #define HAVE_STRINGS_H 1
| #define HAVE_SYS_STAT_H 1
| #define HAVE_SYS_TYPES_H 1
| #define HAVE_UNISTD_H 1
| #define STDC_HEADERS 1
| #define HAVE_DLFCN_H 1
| #define LT_OBJDIR ".libs/"
| #define USE_ASM 1
| #define ENABLE_SSE41 1
| #define ENABLE_AVX2 1
| #define ENABLE_SHANI 1
| #define HAVE_PTHREAD_PRIO_INHERIT 1
| #define HAVE_PTHREAD 1
| #define HAVE_DECL_STRERROR_R 1
| #define HAVE_STRERROR_R 1
| #define STRERROR_R_CHAR_P 1
| #define HAVE_FUNC_ATTRIBUTE_VISIBILITY 1
| #define HAVE_ENDIAN_H 1
| #define HAVE_BYTESWAP_H 1
| #define HAVE_STDIO_H 1
| #define HAVE_STDLIB_H 1
| #define HAVE_UNISTD_H 1
| #define HAVE_STRINGS_H 1
| #define HAVE_SYS_TYPES_H 1
| #define HAVE_SYS_STAT_H 1
| #define HAVE_SYS_SELECT_H 1
| #define HAVE_SYS_PRCTL_H 1
| #define HAVE_DECL_GETIFADDRS 1
| #define HAVE_DECL_FREEIFADDRS 1
| #define HAVE_DECL_STRNLEN 1
| #define HAVE_DECL_DAEMON 1
| #define HAVE_DECL_LE16TOH 1
| #define HAVE_DECL_LE32TOH 1
| #define HAVE_DECL_LE64TOH 1
| #define HAVE_DECL_HTOLE16 1
| #define HAVE_DECL_HTOLE32 1
| #define HAVE_DECL_HTOLE64 1
| #define HAVE_DECL_BE16TOH 1
| #define HAVE_DECL_BE32TOH 1
| #define HAVE_DECL_BE64TOH 1
| #define HAVE_DECL_HTOBE16 1
| #define HAVE_DECL_HTOBE32 1
| #define HAVE_DECL_HTOBE64 1
| #define HAVE_DECL_BSWAP_16 1
| #define HAVE_DECL_BSWAP_32 1
| #define HAVE_DECL_BSWAP_64 1
| #define HAVE_DECL___BUILTIN_CLZ 1
| #define HAVE_DECL___BUILTIN_CLZL 1
| #define HAVE_DECL___BUILTIN_CLZLL 1
| #define HAVE_MALLOC_INFO 1
| #define HAVE_MALLOPT_ARENA_MAX 1
| #define HAVE_VISIBILITY_ATTRIBUTE 1
| #define HAVE_THREAD_LOCAL 1
| #define HAVE_GMTIME_R 1
| #define HAVE_SYS_GETRANDOM 1
| #define HAVE_GETENTROPY 1
| #define HAVE_GETENTROPY_RAND 1
| /* end confdefs.h.  */
| #include <stddef.h>
| #ifdef HAVE_STDIO_H
| # include <stdio.h>
| #endif
| #ifdef HAVE_STDLIB_H
| # include <stdlib.h>
| #endif
| #ifdef HAVE_STRING_H
| # include <string.h>
| #endif
| #ifdef HAVE_INTTYPES_H
| # include <inttypes.h>
| #endif
| #ifdef HAVE_STDINT_H
| # include <stdint.h>
| #endif
| #ifdef HAVE_STRINGS_H
| # include <strings.h>
| #endif
| #ifdef HAVE_SYS_TYPES_H
| # include <sys/types.h>
| #endif
| #ifdef HAVE_SYS_STAT_H
| # include <sys/stat.h>
| #endif
| #ifdef HAVE_UNISTD_H
| # include <unistd.h>
| #endif
| #include <miniupnpc/miniupnpc.h>
configure:26551: result: no
configure:26551: checking for miniupnpc/upnpcommands.h
configure:26551: g++ -std=c++11 -c -g -O2  -DZHC_BUILD -DHAVE_BUILD_INFO -D__STDC_FORMAT_MACROS conftest.cpp >&5
conftest.cpp:100:10: fatal error: miniupnpc/upnpcommands.h: No such file or directory
  100 | #include <miniupnpc/upnpcommands.h>
      |          ^~~~~~~~~~~~~~~~~~~~~~~~~~
compilation terminated.
configure:26551: $? = 1
configure: failed program was:
| /* confdefs.h */
| #define PACKAGE_NAME "ZHCASH Core"
| #define PACKAGE_TARNAME "zerohourcash"
| #define PACKAGE_VERSION "0.18.10"
| #define PACKAGE_STRING "ZHCASH Core 0.18.10"
| #define PACKAGE_BUGREPORT "https://github.com/zerohourcash/zerohourcash/issues"
| #define PACKAGE_URL "https://zh.cash/"
| #define HAVE_CXX11 1
| #define HAVE_STDIO_H 1
| #define HAVE_STDLIB_H 1
| #define HAVE_STRING_H 1
| #define HAVE_INTTYPES_H 1
| #define HAVE_STDINT_H 1
| #define HAVE_STRINGS_H 1
| #define HAVE_SYS_STAT_H 1
| #define HAVE_SYS_TYPES_H 1
| #define HAVE_UNISTD_H 1
| #define STDC_HEADERS 1
| #define HAVE_DLFCN_H 1
| #define LT_OBJDIR ".libs/"
| #define USE_ASM 1
| #define ENABLE_SSE41 1
| #define ENABLE_AVX2 1
| #define ENABLE_SHANI 1
| #define HAVE_PTHREAD_PRIO_INHERIT 1
| #define HAVE_PTHREAD 1
| #define HAVE_DECL_STRERROR_R 1
| #define HAVE_STRERROR_R 1
| #define STRERROR_R_CHAR_P 1
| #define HAVE_FUNC_ATTRIBUTE_VISIBILITY 1
| #define HAVE_ENDIAN_H 1
| #define HAVE_BYTESWAP_H 1
| #define HAVE_STDIO_H 1
| #define HAVE_STDLIB_H 1
| #define HAVE_UNISTD_H 1
| #define HAVE_STRINGS_H 1
| #define HAVE_SYS_TYPES_H 1
| #define HAVE_SYS_STAT_H 1
| #define HAVE_SYS_SELECT_H 1
| #define HAVE_SYS_PRCTL_H 1
| #define HAVE_DECL_GETIFADDRS 1
| #define HAVE_DECL_FREEIFADDRS 1
| #define HAVE_DECL_STRNLEN 1
| #define HAVE_DECL_DAEMON 1
| #define HAVE_DECL_LE16TOH 1
| #define HAVE_DECL_LE32TOH 1
| #define HAVE_DECL_LE64TOH 1
| #define HAVE_DECL_HTOLE16 1
| #define HAVE_DECL_HTOLE32 1
| #define HAVE_DECL_HTOLE64 1
| #define HAVE_DECL_BE16TOH 1
| #define HAVE_DECL_BE32TOH 1
| #define HAVE_DECL_BE64TOH 1
| #define HAVE_DECL_HTOBE16 1
| #define HAVE_DECL_HTOBE32 1
| #define HAVE_DECL_HTOBE64 1
| #define HAVE_DECL_BSWAP_16 1
| #define HAVE_DECL_BSWAP_32 1
| #define HAVE_DECL_BSWAP_64 1
| #define HAVE_DECL___BUILTIN_CLZ 1
| #define HAVE_DECL___BUILTIN_CLZL 1
| #define HAVE_DECL___BUILTIN_CLZLL 1
| #define HAVE_MALLOC_INFO 1
| #define HAVE_MALLOPT_ARENA_MAX 1
| #define HAVE_VISIBILITY_ATTRIBUTE 1
| #define HAVE_THREAD_LOCAL 1
| #define HAVE_GMTIME_R 1
| #define HAVE_SYS_GETRANDOM 1
| #define HAVE_GETENTROPY 1
| #define HAVE_GETENTROPY_RAND 1
| /* end confdefs.h.  */
| #include <stddef.h>
| #ifdef HAVE_STDIO_H
| # include <stdio.h>
| #endif
| #ifdef HAVE_STDLIB_H
| # include <stdlib.h>
| #endif
| #ifdef HAVE_STRING_H
| # include <string.h>
| #endif
| #ifdef HAVE_INTTYPES_H
| # include <inttypes.h>
| #endif
| #ifdef HAVE_STDINT_H
| # include <stdint.h>
| #endif
| #ifdef HAVE_STRINGS_H
| # include <strings.h>
| #endif
| #ifdef HAVE_SYS_TYPES_H
| # include <sys/types.h>
| #endif
| #ifdef HAVE_SYS_STAT_H
| # include <sys/stat.h>
| #endif
| #ifdef HAVE_UNISTD_H
| # include <unistd.h>
| #endif
| #include <miniupnpc/upnpcommands.h>
configure:26551: result: no
configure:26551: checking for miniupnpc/upnperrors.h
configure:26551: g++ -std=c++11 -c -g -O2  -DZHC_BUILD -DHAVE_BUILD_INFO -D__STDC_FORMAT_MACROS conftest.cpp >&5
conftest.cpp:100:10: fatal error: miniupnpc/upnperrors.h: No such file or directory
  100 | #include <miniupnpc/upnperrors.h>
      |          ^~~~~~~~~~~~~~~~~~~~~~~~
compilation terminated.
configure:26551: $? = 1
configure: failed program was:
| /* confdefs.h */
| #define PACKAGE_NAME "ZHCASH Core"
| #define PACKAGE_TARNAME "zerohourcash"
| #define PACKAGE_VERSION "0.18.10"
| #define PACKAGE_STRING "ZHCASH Core 0.18.10"
| #define PACKAGE_BUGREPORT "https://github.com/zerohourcash/zerohourcash/issues"
| #define PACKAGE_URL "https://zh.cash/"
| #define HAVE_CXX11 1
| #define HAVE_STDIO_H 1
| #define HAVE_STDLIB_H 1
| #define HAVE_STRING_H 1
| #define HAVE_INTTYPES_H 1
| #define HAVE_STDINT_H 1
| #define HAVE_STRINGS_H 1
| #define HAVE_SYS_STAT_H 1
| #define HAVE_SYS_TYPES_H 1
| #define HAVE_UNISTD_H 1
| #define STDC_HEADERS 1
| #define HAVE_DLFCN_H 1
| #define LT_OBJDIR ".libs/"
| #define USE_ASM 1
| #define ENABLE_SSE41 1
| #define ENABLE_AVX2 1
| #define ENABLE_SHANI 1
| #define HAVE_PTHREAD_PRIO_INHERIT 1
| #define HAVE_PTHREAD 1
| #define HAVE_DECL_STRERROR_R 1
| #define HAVE_STRERROR_R 1
| #define STRERROR_R_CHAR_P 1
| #define HAVE_FUNC_ATTRIBUTE_VISIBILITY 1
| #define HAVE_ENDIAN_H 1
| #define HAVE_BYTESWAP_H 1
| #define HAVE_STDIO_H 1
| #define HAVE_STDLIB_H 1
| #define HAVE_UNISTD_H 1
| #define HAVE_STRINGS_H 1
| #define HAVE_SYS_TYPES_H 1
| #define HAVE_SYS_STAT_H 1
| #define HAVE_SYS_SELECT_H 1
| #define HAVE_SYS_PRCTL_H 1
| #define HAVE_DECL_GETIFADDRS 1
| #define HAVE_DECL_FREEIFADDRS 1
| #define HAVE_DECL_STRNLEN 1
| #define HAVE_DECL_DAEMON 1
| #define HAVE_DECL_LE16TOH 1
| #define HAVE_DECL_LE32TOH 1
| #define HAVE_DECL_LE64TOH 1
| #define HAVE_DECL_HTOLE16 1
| #define HAVE_DECL_HTOLE32 1
| #define HAVE_DECL_HTOLE64 1
| #define HAVE_DECL_BE16TOH 1
| #define HAVE_DECL_BE32TOH 1
| #define HAVE_DECL_BE64TOH 1
| #define HAVE_DECL_HTOBE16 1
| #define HAVE_DECL_HTOBE32 1
| #define HAVE_DECL_HTOBE64 1
| #define HAVE_DECL_BSWAP_16 1
| #define HAVE_DECL_BSWAP_32 1
| #define HAVE_DECL_BSWAP_64 1
| #define HAVE_DECL___BUILTIN_CLZ 1
| #define HAVE_DECL___BUILTIN_CLZL 1
| #define HAVE_DECL___BUILTIN_CLZLL 1
| #define HAVE_MALLOC_INFO 1
| #define HAVE_MALLOPT_ARENA_MAX 1
| #define HAVE_VISIBILITY_ATTRIBUTE 1
| #define HAVE_THREAD_LOCAL 1
| #define HAVE_GMTIME_R 1
| #define HAVE_SYS_GETRANDOM 1
| #define HAVE_GETENTROPY 1
| #define HAVE_GETENTROPY_RAND 1
| /* end confdefs.h.  */
| #include <stddef.h>
| #ifdef HAVE_STDIO_H
| # include <stdio.h>
| #endif
| #ifdef HAVE_STDLIB_H
| # include <stdlib.h>
| #endif
| #ifdef HAVE_STRING_H
| # include <string.h>
| #endif
| #ifdef HAVE_INTTYPES_H
| # include <inttypes.h>
| #endif
| #ifdef HAVE_STDINT_H
| # include <stdint.h>
| #endif
| #ifdef HAVE_STRINGS_H
| # include <strings.h>
| #endif
| #ifdef HAVE_SYS_TYPES_H
| # include <sys/types.h>
| #endif
| #ifdef HAVE_SYS_STAT_H
| # include <sys/stat.h>
| #endif
| #ifdef HAVE_UNISTD_H
| # include <unistd.h>
| #endif
| #include <miniupnpc/upnperrors.h>
configure:26551: result: no
configure:26694: checking for Qt5Core Qt5Gui Qt5Network Qt5Widgets
configure:26701: $PKG_CONFIG --exists --print-errors "$qt5_modules"
Package Qt5Core was not found in the pkg-config search path.
Perhaps you should add the directory containing `Qt5Core.pc'
to the PKG_CONFIG_PATH environment variable
Package 'Qt5Core', required by 'virtual:world', not found
Package 'Qt5Gui', required by 'virtual:world', not found
Package 'Qt5Network', required by 'virtual:world', not found
Package 'Qt5Widgets', required by 'virtual:world', not found
configure:26704: $? = 1
configure:26718: $PKG_CONFIG --exists --print-errors "$qt5_modules"
Package Qt5Core was not found in the pkg-config search path.
Perhaps you should add the directory containing `Qt5Core.pc'
to the PKG_CONFIG_PATH environment variable
Package 'Qt5Core', required by 'virtual:world', not found
Package 'Qt5Gui', required by 'virtual:world', not found
Package 'Qt5Network', required by 'virtual:world', not found
Package 'Qt5Widgets', required by 'virtual:world', not found
configure:26721: $? = 1
configure:26735: result: no
Package 'Qt5Core', required by 'virtual:world', not found
Package 'Qt5Gui', required by 'virtual:world', not found
Package 'Qt5Network', required by 'virtual:world', not found
Package 'Qt5Widgets', required by 'virtual:world', not found
configure:26769: WARNING: Qt dependencies not found; bitcoin-qt frontend will not be built
configure:30879: checking whether to build ZHCASH Core GUI
configure:30909: result: no (Qt5)
configure:30985: checking for boostlib >= 1.64.0
configure:31070: g++ -std=c++11 -c -g -O2  -DZHC_BUILD -DHAVE_BUILD_INFO -D__STDC_FORMAT_MACROS  conftest.cpp >&5
conftest.cpp:73:14: fatal error: boost/version.hpp: No such file or directory
   73 |     #include <boost/version.hpp>
      |              ^~~~~~~~~~~~~~~~~~~
compilation terminated.
configure:31070: $? = 1
configure: failed program was:
| /* confdefs.h */
| #define PACKAGE_NAME "ZHCASH Core"
| #define PACKAGE_TARNAME "zerohourcash"
| #define PACKAGE_VERSION "0.18.10"
| #define PACKAGE_STRING "ZHCASH Core 0.18.10"
| #define PACKAGE_BUGREPORT "https://github.com/zerohourcash/zerohourcash/issues"
| #define PACKAGE_URL "https://zh.cash/"
| #define HAVE_CXX11 1
| #define HAVE_STDIO_H 1
| #define HAVE_STDLIB_H 1
| #define HAVE_STRING_H 1
| #define HAVE_INTTYPES_H 1
| #define HAVE_STDINT_H 1
| #define HAVE_STRINGS_H 1
| #define HAVE_SYS_STAT_H 1
| #define HAVE_SYS_TYPES_H 1
| #define HAVE_UNISTD_H 1
| #define STDC_HEADERS 1
| #define HAVE_DLFCN_H 1
| #define LT_OBJDIR ".libs/"
| #define USE_ASM 1
| #define ENABLE_SSE41 1
| #define ENABLE_AVX2 1
| #define ENABLE_SHANI 1
| #define HAVE_PTHREAD_PRIO_INHERIT 1
| #define HAVE_PTHREAD 1
| #define HAVE_DECL_STRERROR_R 1
| #define HAVE_STRERROR_R 1
| #define STRERROR_R_CHAR_P 1
| #define HAVE_FUNC_ATTRIBUTE_VISIBILITY 1
| #define HAVE_ENDIAN_H 1
| #define HAVE_BYTESWAP_H 1
| #define HAVE_STDIO_H 1
| #define HAVE_STDLIB_H 1
| #define HAVE_UNISTD_H 1
| #define HAVE_STRINGS_H 1
| #define HAVE_SYS_TYPES_H 1
| #define HAVE_SYS_STAT_H 1
| #define HAVE_SYS_SELECT_H 1
| #define HAVE_SYS_PRCTL_H 1
| #define HAVE_DECL_GETIFADDRS 1
| #define HAVE_DECL_FREEIFADDRS 1
| #define HAVE_DECL_STRNLEN 1
| #define HAVE_DECL_DAEMON 1
| #define HAVE_DECL_LE16TOH 1
| #define HAVE_DECL_LE32TOH 1
| #define HAVE_DECL_LE64TOH 1
| #define HAVE_DECL_HTOLE16 1
| #define HAVE_DECL_HTOLE32 1
| #define HAVE_DECL_HTOLE64 1
| #define HAVE_DECL_BE16TOH 1
| #define HAVE_DECL_BE32TOH 1
| #define HAVE_DECL_BE64TOH 1
| #define HAVE_DECL_HTOBE16 1
| #define HAVE_DECL_HTOBE32 1
| #define HAVE_DECL_HTOBE64 1
| #define HAVE_DECL_BSWAP_16 1
| #define HAVE_DECL_BSWAP_32 1
| #define HAVE_DECL_BSWAP_64 1
| #define HAVE_DECL___BUILTIN_CLZ 1
| #define HAVE_DECL___BUILTIN_CLZL 1
| #define HAVE_DECL___BUILTIN_CLZLL 1
| #define HAVE_MALLOC_INFO 1
| #define HAVE_MALLOPT_ARENA_MAX 1
| #define HAVE_VISIBILITY_ATTRIBUTE 1
| #define HAVE_THREAD_LOCAL 1
| #define HAVE_GMTIME_R 1
| #define HAVE_SYS_GETRANDOM 1
| #define HAVE_GETENTROPY 1
| #define HAVE_GETENTROPY_RAND 1
| /* end confdefs.h.  */
| 
|     #include <boost/version.hpp>
| 
| int
| main (void)
| {
| 
|     #if BOOST_VERSION >= 106400
|     // Everything is okay
|     #else
|     #  error Boost version is too old
|     #endif
| 
|   ;
|   return 0;
| }
configure:31186: g++ -std=c++11 -c -g -O2  -DZHC_BUILD -DHAVE_BUILD_INFO -D__STDC_FORMAT_MACROS -I/include/boost-0 conftest.cpp >&5
conftest.cpp:73:18: fatal error: boost/version.hpp: No such file or directory
   73 |         #include <boost/version.hpp>
      |                  ^~~~~~~~~~~~~~~~~~~
compilation terminated.
configure:31186: $? = 1
configure: failed program was:
| /* confdefs.h */
| #define PACKAGE_NAME "ZHCASH Core"
| #define PACKAGE_TARNAME "zerohourcash"
| #define PACKAGE_VERSION "0.18.10"
| #define PACKAGE_STRING "ZHCASH Core 0.18.10"
| #define PACKAGE_BUGREPORT "https://github.com/zerohourcash/zerohourcash/issues"
| #define PACKAGE_URL "https://zh.cash/"
| #define HAVE_CXX11 1
| #define HAVE_STDIO_H 1
| #define HAVE_STDLIB_H 1
| #define HAVE_STRING_H 1
| #define HAVE_INTTYPES_H 1
| #define HAVE_STDINT_H 1
| #define HAVE_STRINGS_H 1
| #define HAVE_SYS_STAT_H 1
| #define HAVE_SYS_TYPES_H 1
| #define HAVE_UNISTD_H 1
| #define STDC_HEADERS 1
| #define HAVE_DLFCN_H 1
| #define LT_OBJDIR ".libs/"
| #define USE_ASM 1
| #define ENABLE_SSE41 1
| #define ENABLE_AVX2 1
| #define ENABLE_SHANI 1
| #define HAVE_PTHREAD_PRIO_INHERIT 1
| #define HAVE_PTHREAD 1
| #define HAVE_DECL_STRERROR_R 1
| #define HAVE_STRERROR_R 1
| #define STRERROR_R_CHAR_P 1
| #define HAVE_FUNC_ATTRIBUTE_VISIBILITY 1
| #define HAVE_ENDIAN_H 1
| #define HAVE_BYTESWAP_H 1
| #define HAVE_STDIO_H 1
| #define HAVE_STDLIB_H 1
| #define HAVE_UNISTD_H 1
| #define HAVE_STRINGS_H 1
| #define HAVE_SYS_TYPES_H 1
| #define HAVE_SYS_STAT_H 1
| #define HAVE_SYS_SELECT_H 1
| #define HAVE_SYS_PRCTL_H 1
| #define HAVE_DECL_GETIFADDRS 1
| #define HAVE_DECL_FREEIFADDRS 1
| #define HAVE_DECL_STRNLEN 1
| #define HAVE_DECL_DAEMON 1
| #define HAVE_DECL_LE16TOH 1
| #define HAVE_DECL_LE32TOH 1
| #define HAVE_DECL_LE64TOH 1
| #define HAVE_DECL_HTOLE16 1
| #define HAVE_DECL_HTOLE32 1
| #define HAVE_DECL_HTOLE64 1
| #define HAVE_DECL_BE16TOH 1
| #define HAVE_DECL_BE32TOH 1
| #define HAVE_DECL_BE64TOH 1
| #define HAVE_DECL_HTOBE16 1
| #define HAVE_DECL_HTOBE32 1
| #define HAVE_DECL_HTOBE64 1
| #define HAVE_DECL_BSWAP_16 1
| #define HAVE_DECL_BSWAP_32 1
| #define HAVE_DECL_BSWAP_64 1
| #define HAVE_DECL___BUILTIN_CLZ 1
| #define HAVE_DECL___BUILTIN_CLZL 1
| #define HAVE_DECL___BUILTIN_CLZLL 1
| #define HAVE_MALLOC_INFO 1
| #define HAVE_MALLOPT_ARENA_MAX 1
| #define HAVE_VISIBILITY_ATTRIBUTE 1
| #define HAVE_THREAD_LOCAL 1
| #define HAVE_GMTIME_R 1
| #define HAVE_SYS_GETRANDOM 1
| #define HAVE_GETENTROPY 1
| #define HAVE_GETENTROPY_RAND 1
| /* end confdefs.h.  */
| 
|         #include <boost/version.hpp>
| 
| int
| main (void)
| {
| 
|         #if BOOST_VERSION >= 106400
|         // Everything is okay
|         #else
|         #  error Boost version is too old
|         #endif
| 
|   ;
|   return 0;
| }
configure:31206: We could not detect the boost libraries (version 1.64 or higher). If you have a staged boost library (still not installed) please specify $BOOST_ROOT in your environment and do not give a PATH to --with-boost option.  If you are sure you have boost installed, then check your version number looking in <boost/version.hpp>. See http://randspringer.de/boost for more documentation.
configure:31265: checking whether the Boost::System library is available
configure:31291: g++ -std=c++11 -c   -DZHC_BUILD -DHAVE_BUILD_INFO -D__STDC_FORMAT_MACROS -I/include/boost-0 conftest.cpp >&5
conftest.cpp:72:10: fatal error: boost/system/error_code.hpp: No such file or directory
   72 | #include <boost/system/error_code.hpp>
      |          ^~~~~~~~~~~~~~~~~~~~~~~~~~~~~
compilation terminated.
configure:31291: $? = 1
configure: failed program was:
| /* confdefs.h */
| #define PACKAGE_NAME "ZHCASH Core"
| #define PACKAGE_TARNAME "zerohourcash"
| #define PACKAGE_VERSION "0.18.10"
| #define PACKAGE_STRING "ZHCASH Core 0.18.10"
| #define PACKAGE_BUGREPORT "https://github.com/zerohourcash/zerohourcash/issues"
| #define PACKAGE_URL "https://zh.cash/"
| #define HAVE_CXX11 1
| #define HAVE_STDIO_H 1
| #define HAVE_STDLIB_H 1
| #define HAVE_STRING_H 1
| #define HAVE_INTTYPES_H 1
| #define HAVE_STDINT_H 1
| #define HAVE_STRINGS_H 1
| #define HAVE_SYS_STAT_H 1
| #define HAVE_SYS_TYPES_H 1
| #define HAVE_UNISTD_H 1
| #define STDC_HEADERS 1
| #define HAVE_DLFCN_H 1
| #define LT_OBJDIR ".libs/"
| #define USE_ASM 1
| #define ENABLE_SSE41 1
| #define ENABLE_AVX2 1
| #define ENABLE_SHANI 1
| #define HAVE_PTHREAD_PRIO_INHERIT 1
| #define HAVE_PTHREAD 1
| #define HAVE_DECL_STRERROR_R 1
| #define HAVE_STRERROR_R 1
| #define STRERROR_R_CHAR_P 1
| #define HAVE_FUNC_ATTRIBUTE_VISIBILITY 1
| #define HAVE_ENDIAN_H 1
| #define HAVE_BYTESWAP_H 1
| #define HAVE_STDIO_H 1
| #define HAVE_STDLIB_H 1
| #define HAVE_UNISTD_H 1
| #define HAVE_STRINGS_H 1
| #define HAVE_SYS_TYPES_H 1
| #define HAVE_SYS_STAT_H 1
| #define HAVE_SYS_SELECT_H 1
| #define HAVE_SYS_PRCTL_H 1
| #define HAVE_DECL_GETIFADDRS 1
| #define HAVE_DECL_FREEIFADDRS 1
| #define HAVE_DECL_STRNLEN 1
| #define HAVE_DECL_DAEMON 1
| #define HAVE_DECL_LE16TOH 1
| #define HAVE_DECL_LE32TOH 1
| #define HAVE_DECL_LE64TOH 1
| #define HAVE_DECL_HTOLE16 1
| #define HAVE_DECL_HTOLE32 1
| #define HAVE_DECL_HTOLE64 1
| #define HAVE_DECL_BE16TOH 1
| #define HAVE_DECL_BE32TOH 1
| #define HAVE_DECL_BE64TOH 1
| #define HAVE_DECL_HTOBE16 1
| #define HAVE_DECL_HTOBE32 1
| #define HAVE_DECL_HTOBE64 1
| #define HAVE_DECL_BSWAP_16 1
| #define HAVE_DECL_BSWAP_32 1
| #define HAVE_DECL_BSWAP_64 1
| #define HAVE_DECL___BUILTIN_CLZ 1
| #define HAVE_DECL___BUILTIN_CLZL 1
| #define HAVE_DECL___BUILTIN_CLZLL 1
| #define HAVE_MALLOC_INFO 1
| #define HAVE_MALLOPT_ARENA_MAX 1
| #define HAVE_VISIBILITY_ATTRIBUTE 1
| #define HAVE_THREAD_LOCAL 1
| #define HAVE_GMTIME_R 1
| #define HAVE_SYS_GETRANDOM 1
| #define HAVE_GETENTROPY 1
| #define HAVE_GETENTROPY_RAND 1
| /* end confdefs.h.  */
| #include <boost/system/error_code.hpp>
| int
| main (void)
| {
| boost::system::error_category *a = 0;
|   ;
|   return 0;
| }
configure:31307: result: no
configure:31511: checking whether the Boost::Filesystem library is available
configure:31536: g++ -std=c++11 -c -g -O2  -DZHC_BUILD -DHAVE_BUILD_INFO -D__STDC_FORMAT_MACROS -I/include/boost-0 conftest.cpp >&5
conftest.cpp:72:10: fatal error: boost/filesystem/path.hpp: No such file or directory
   72 | #include <boost/filesystem/path.hpp>
      |          ^~~~~~~~~~~~~~~~~~~~~~~~~~~
compilation terminated.
configure:31536: $? = 1
configure: failed program was:
| /* confdefs.h */
| #define PACKAGE_NAME "ZHCASH Core"
| #define PACKAGE_TARNAME "zerohourcash"
| #define PACKAGE_VERSION "0.18.10"
| #define PACKAGE_STRING "ZHCASH Core 0.18.10"
| #define PACKAGE_BUGREPORT "https://github.com/zerohourcash/zerohourcash/issues"
| #define PACKAGE_URL "https://zh.cash/"
| #define HAVE_CXX11 1
| #define HAVE_STDIO_H 1
| #define HAVE_STDLIB_H 1
| #define HAVE_STRING_H 1
| #define HAVE_INTTYPES_H 1
| #define HAVE_STDINT_H 1
| #define HAVE_STRINGS_H 1
| #define HAVE_SYS_STAT_H 1
| #define HAVE_SYS_TYPES_H 1
| #define HAVE_UNISTD_H 1
| #define STDC_HEADERS 1
| #define HAVE_DLFCN_H 1
| #define LT_OBJDIR ".libs/"
| #define USE_ASM 1
| #define ENABLE_SSE41 1
| #define ENABLE_AVX2 1
| #define ENABLE_SHANI 1
| #define HAVE_PTHREAD_PRIO_INHERIT 1
| #define HAVE_PTHREAD 1
| #define HAVE_DECL_STRERROR_R 1
| #define HAVE_STRERROR_R 1
| #define STRERROR_R_CHAR_P 1
| #define HAVE_FUNC_ATTRIBUTE_VISIBILITY 1
| #define HAVE_ENDIAN_H 1
| #define HAVE_BYTESWAP_H 1
| #define HAVE_STDIO_H 1
| #define HAVE_STDLIB_H 1
| #define HAVE_UNISTD_H 1
| #define HAVE_STRINGS_H 1
| #define HAVE_SYS_TYPES_H 1
| #define HAVE_SYS_STAT_H 1
| #define HAVE_SYS_SELECT_H 1
| #define HAVE_SYS_PRCTL_H 1
| #define HAVE_DECL_GETIFADDRS 1
| #define HAVE_DECL_FREEIFADDRS 1
| #define HAVE_DECL_STRNLEN 1
| #define HAVE_DECL_DAEMON 1
| #define HAVE_DECL_LE16TOH 1
| #define HAVE_DECL_LE32TOH 1
| #define HAVE_DECL_LE64TOH 1
| #define HAVE_DECL_HTOLE16 1
| #define HAVE_DECL_HTOLE32 1
| #define HAVE_DECL_HTOLE64 1
| #define HAVE_DECL_BE16TOH 1
| #define HAVE_DECL_BE32TOH 1
| #define HAVE_DECL_BE64TOH 1
| #define HAVE_DECL_HTOBE16 1
| #define HAVE_DECL_HTOBE32 1
| #define HAVE_DECL_HTOBE64 1
| #define HAVE_DECL_BSWAP_16 1
| #define HAVE_DECL_BSWAP_32 1
| #define HAVE_DECL_BSWAP_64 1
| #define HAVE_DECL___BUILTIN_CLZ 1
| #define HAVE_DECL___BUILTIN_CLZL 1
| #define HAVE_DECL___BUILTIN_CLZLL 1
| #define HAVE_MALLOC_INFO 1
| #define HAVE_MALLOPT_ARENA_MAX 1
| #define HAVE_VISIBILITY_ATTRIBUTE 1
| #define HAVE_THREAD_LOCAL 1
| #define HAVE_GMTIME_R 1
| #define HAVE_SYS_GETRANDOM 1
| #define HAVE_GETENTROPY 1
| #define HAVE_GETENTROPY_RAND 1
| /* end confdefs.h.  */
| #include <boost/filesystem/path.hpp>
| int
| main (void)
| {
| using namespace boost::filesystem;
|                                    path my_path( "foo/bar/data.txt" );
|                                    return 0;
|   ;
|   return 0;
| }
configure:31551: result: no
configure:31746: checking whether the Boost::Program_Options library is available
configure:31771: g++ -std=c++11 -c -g -O2  -DZHC_BUILD -DHAVE_BUILD_INFO -D__STDC_FORMAT_MACROS -I/include/boost-0 conftest.cpp >&5
conftest.cpp:72:10: fatal error: boost/program_options/errors.hpp: No such file or directory
   72 | #include <boost/program_options/errors.hpp>
      |          ^~~~~~~~~~~~~~~~~~~~~~~~~~~~~~~~~~
compilation terminated.
configure:31771: $? = 1
configure: failed program was:
| /* confdefs.h */
| #define PACKAGE_NAME "ZHCASH Core"
| #define PACKAGE_TARNAME "zerohourcash"
| #define PACKAGE_VERSION "0.18.10"
| #define PACKAGE_STRING "ZHCASH Core 0.18.10"
| #define PACKAGE_BUGREPORT "https://github.com/zerohourcash/zerohourcash/issues"
| #define PACKAGE_URL "https://zh.cash/"
| #define HAVE_CXX11 1
| #define HAVE_STDIO_H 1
| #define HAVE_STDLIB_H 1
| #define HAVE_STRING_H 1
| #define HAVE_INTTYPES_H 1
| #define HAVE_STDINT_H 1
| #define HAVE_STRINGS_H 1
| #define HAVE_SYS_STAT_H 1
| #define HAVE_SYS_TYPES_H 1
| #define HAVE_UNISTD_H 1
| #define STDC_HEADERS 1
| #define HAVE_DLFCN_H 1
| #define LT_OBJDIR ".libs/"
| #define USE_ASM 1
| #define ENABLE_SSE41 1
| #define ENABLE_AVX2 1
| #define ENABLE_SHANI 1
| #define HAVE_PTHREAD_PRIO_INHERIT 1
| #define HAVE_PTHREAD 1
| #define HAVE_DECL_STRERROR_R 1
| #define HAVE_STRERROR_R 1
| #define STRERROR_R_CHAR_P 1
| #define HAVE_FUNC_ATTRIBUTE_VISIBILITY 1
| #define HAVE_ENDIAN_H 1
| #define HAVE_BYTESWAP_H 1
| #define HAVE_STDIO_H 1
| #define HAVE_STDLIB_H 1
| #define HAVE_UNISTD_H 1
| #define HAVE_STRINGS_H 1
| #define HAVE_SYS_TYPES_H 1
| #define HAVE_SYS_STAT_H 1
| #define HAVE_SYS_SELECT_H 1
| #define HAVE_SYS_PRCTL_H 1
| #define HAVE_DECL_GETIFADDRS 1
| #define HAVE_DECL_FREEIFADDRS 1
| #define HAVE_DECL_STRNLEN 1
| #define HAVE_DECL_DAEMON 1
| #define HAVE_DECL_LE16TOH 1
| #define HAVE_DECL_LE32TOH 1
| #define HAVE_DECL_LE64TOH 1
| #define HAVE_DECL_HTOLE16 1
| #define HAVE_DECL_HTOLE32 1
| #define HAVE_DECL_HTOLE64 1
| #define HAVE_DECL_BE16TOH 1
| #define HAVE_DECL_BE32TOH 1
| #define HAVE_DECL_BE64TOH 1
| #define HAVE_DECL_HTOBE16 1
| #define HAVE_DECL_HTOBE32 1
| #define HAVE_DECL_HTOBE64 1
| #define HAVE_DECL_BSWAP_16 1
| #define HAVE_DECL_BSWAP_32 1
| #define HAVE_DECL_BSWAP_64 1
| #define HAVE_DECL___BUILTIN_CLZ 1
| #define HAVE_DECL___BUILTIN_CLZL 1
| #define HAVE_DECL___BUILTIN_CLZLL 1
| #define HAVE_MALLOC_INFO 1
| #define HAVE_MALLOPT_ARENA_MAX 1
| #define HAVE_VISIBILITY_ATTRIBUTE 1
| #define HAVE_THREAD_LOCAL 1
| #define HAVE_GMTIME_R 1
| #define HAVE_SYS_GETRANDOM 1
| #define HAVE_GETENTROPY 1
| #define HAVE_GETENTROPY_RAND 1
| /* end confdefs.h.  */
| #include <boost/program_options/errors.hpp>
| 
| int
| main (void)
| {
| boost::program_options::error err("Error message");
|                                    return 0;
|   ;
|   return 0;
| }
configure:31786: result: no
configure:31979: checking whether the Boost::Thread library is available
configure:32012: g++ -std=c++11 -c -pthread -g -O2  -DZHC_BUILD -DHAVE_BUILD_INFO -D__STDC_FORMAT_MACROS -I/include/boost-0 conftest.cpp >&5
conftest.cpp:72:10: fatal error: boost/thread/thread.hpp: No such file or directory
   72 | #include <boost/thread/thread.hpp>
      |          ^~~~~~~~~~~~~~~~~~~~~~~~~
compilation terminated.
configure:32012: $? = 1
configure: failed program was:
| /* confdefs.h */
| #define PACKAGE_NAME "ZHCASH Core"
| #define PACKAGE_TARNAME "zerohourcash"
| #define PACKAGE_VERSION "0.18.10"
| #define PACKAGE_STRING "ZHCASH Core 0.18.10"
| #define PACKAGE_BUGREPORT "https://github.com/zerohourcash/zerohourcash/issues"
| #define PACKAGE_URL "https://zh.cash/"
| #define HAVE_CXX11 1
| #define HAVE_STDIO_H 1
| #define HAVE_STDLIB_H 1
| #define HAVE_STRING_H 1
| #define HAVE_INTTYPES_H 1
| #define HAVE_STDINT_H 1
| #define HAVE_STRINGS_H 1
| #define HAVE_SYS_STAT_H 1
| #define HAVE_SYS_TYPES_H 1
| #define HAVE_UNISTD_H 1
| #define STDC_HEADERS 1
| #define HAVE_DLFCN_H 1
| #define LT_OBJDIR ".libs/"
| #define USE_ASM 1
| #define ENABLE_SSE41 1
| #define ENABLE_AVX2 1
| #define ENABLE_SHANI 1
| #define HAVE_PTHREAD_PRIO_INHERIT 1
| #define HAVE_PTHREAD 1
| #define HAVE_DECL_STRERROR_R 1
| #define HAVE_STRERROR_R 1
| #define STRERROR_R_CHAR_P 1
| #define HAVE_FUNC_ATTRIBUTE_VISIBILITY 1
| #define HAVE_ENDIAN_H 1
| #define HAVE_BYTESWAP_H 1
| #define HAVE_STDIO_H 1
| #define HAVE_STDLIB_H 1
| #define HAVE_UNISTD_H 1
| #define HAVE_STRINGS_H 1
| #define HAVE_SYS_TYPES_H 1
| #define HAVE_SYS_STAT_H 1
| #define HAVE_SYS_SELECT_H 1
| #define HAVE_SYS_PRCTL_H 1
| #define HAVE_DECL_GETIFADDRS 1
| #define HAVE_DECL_FREEIFADDRS 1
| #define HAVE_DECL_STRNLEN 1
| #define HAVE_DECL_DAEMON 1
| #define HAVE_DECL_LE16TOH 1
| #define HAVE_DECL_LE32TOH 1
| #define HAVE_DECL_LE64TOH 1
| #define HAVE_DECL_HTOLE16 1
| #define HAVE_DECL_HTOLE32 1
| #define HAVE_DECL_HTOLE64 1
| #define HAVE_DECL_BE16TOH 1
| #define HAVE_DECL_BE32TOH 1
| #define HAVE_DECL_BE64TOH 1
| #define HAVE_DECL_HTOBE16 1
| #define HAVE_DECL_HTOBE32 1
| #define HAVE_DECL_HTOBE64 1
| #define HAVE_DECL_BSWAP_16 1
| #define HAVE_DECL_BSWAP_32 1
| #define HAVE_DECL_BSWAP_64 1
| #define HAVE_DECL___BUILTIN_CLZ 1
| #define HAVE_DECL___BUILTIN_CLZL 1
| #define HAVE_DECL___BUILTIN_CLZLL 1
| #define HAVE_MALLOC_INFO 1
| #define HAVE_MALLOPT_ARENA_MAX 1
| #define HAVE_VISIBILITY_ATTRIBUTE 1
| #define HAVE_THREAD_LOCAL 1
| #define HAVE_GMTIME_R 1
| #define HAVE_SYS_GETRANDOM 1
| #define HAVE_GETENTROPY 1
| #define HAVE_GETENTROPY_RAND 1
| /* end confdefs.h.  */
| #include <boost/thread/thread.hpp>
| int
| main (void)
| {
| boost::thread_group thrds;
|                                    return 0;
|   ;
|   return 0;
| }
configure:32028: result: no
configure:32252: checking whether the Boost::Random library is available
configure:32277: g++ -std=c++11 -c -g -O2  -DZHC_BUILD -DHAVE_BUILD_INFO -D__STDC_FORMAT_MACROS -I/include/boost-0 conftest.cpp >&5
conftest.cpp:72:10: fatal error: boost/random/random_device.hpp: No such file or directory
   72 | #include <boost/random/random_device.hpp>
      |          ^~~~~~~~~~~~~~~~~~~~~~~~~~~~~~~~
compilation terminated.
configure:32277: $? = 1
configure: failed program was:
| /* confdefs.h */
| #define PACKAGE_NAME "ZHCASH Core"
| #define PACKAGE_TARNAME "zerohourcash"
| #define PACKAGE_VERSION "0.18.10"
| #define PACKAGE_STRING "ZHCASH Core 0.18.10"
| #define PACKAGE_BUGREPORT "https://github.com/zerohourcash/zerohourcash/issues"
| #define PACKAGE_URL "https://zh.cash/"
| #define HAVE_CXX11 1
| #define HAVE_STDIO_H 1
| #define HAVE_STDLIB_H 1
| #define HAVE_STRING_H 1
| #define HAVE_INTTYPES_H 1
| #define HAVE_STDINT_H 1
| #define HAVE_STRINGS_H 1
| #define HAVE_SYS_STAT_H 1
| #define HAVE_SYS_TYPES_H 1
| #define HAVE_UNISTD_H 1
| #define STDC_HEADERS 1
| #define HAVE_DLFCN_H 1
| #define LT_OBJDIR ".libs/"
| #define USE_ASM 1
| #define ENABLE_SSE41 1
| #define ENABLE_AVX2 1
| #define ENABLE_SHANI 1
| #define HAVE_PTHREAD_PRIO_INHERIT 1
| #define HAVE_PTHREAD 1
| #define HAVE_DECL_STRERROR_R 1
| #define HAVE_STRERROR_R 1
| #define STRERROR_R_CHAR_P 1
| #define HAVE_FUNC_ATTRIBUTE_VISIBILITY 1
| #define HAVE_ENDIAN_H 1
| #define HAVE_BYTESWAP_H 1
| #define HAVE_STDIO_H 1
| #define HAVE_STDLIB_H 1
| #define HAVE_UNISTD_H 1
| #define HAVE_STRINGS_H 1
| #define HAVE_SYS_TYPES_H 1
| #define HAVE_SYS_STAT_H 1
| #define HAVE_SYS_SELECT_H 1
| #define HAVE_SYS_PRCTL_H 1
| #define HAVE_DECL_GETIFADDRS 1
| #define HAVE_DECL_FREEIFADDRS 1
| #define HAVE_DECL_STRNLEN 1
| #define HAVE_DECL_DAEMON 1
| #define HAVE_DECL_LE16TOH 1
| #define HAVE_DECL_LE32TOH 1
| #define HAVE_DECL_LE64TOH 1
| #define HAVE_DECL_HTOLE16 1
| #define HAVE_DECL_HTOLE32 1
| #define HAVE_DECL_HTOLE64 1
| #define HAVE_DECL_BE16TOH 1
| #define HAVE_DECL_BE32TOH 1
| #define HAVE_DECL_BE64TOH 1
| #define HAVE_DECL_HTOBE16 1
| #define HAVE_DECL_HTOBE32 1
| #define HAVE_DECL_HTOBE64 1
| #define HAVE_DECL_BSWAP_16 1
| #define HAVE_DECL_BSWAP_32 1
| #define HAVE_DECL_BSWAP_64 1
| #define HAVE_DECL___BUILTIN_CLZ 1
| #define HAVE_DECL___BUILTIN_CLZL 1
| #define HAVE_DECL___BUILTIN_CLZLL 1
| #define HAVE_MALLOC_INFO 1
| #define HAVE_MALLOPT_ARENA_MAX 1
| #define HAVE_VISIBILITY_ATTRIBUTE 1
| #define HAVE_THREAD_LOCAL 1
| #define HAVE_GMTIME_R 1
| #define HAVE_SYS_GETRANDOM 1
| #define HAVE_GETENTROPY 1
| #define HAVE_GETENTROPY_RAND 1
| /* end confdefs.h.  */
| #include <boost/random/random_device.hpp>
| int
| main (void)
| {
| boost::random::random_device()();
|   ;
|   return 0;
| }
configure:32293: result: no
configure:32495: checking whether the Boost::Chrono library is available
configure:32520: g++ -std=c++11 -c -g -O2  -DZHC_BUILD -DHAVE_BUILD_INFO -D__STDC_FORMAT_MACROS -I/include/boost-0 conftest.cpp >&5
conftest.cpp:72:10: fatal error: boost/chrono.hpp: No such file or directory
   72 | #include <boost/chrono.hpp>
      |          ^~~~~~~~~~~~~~~~~~
compilation terminated.
configure:32520: $? = 1
configure: failed program was:
| /* confdefs.h */
| #define PACKAGE_NAME "ZHCASH Core"
| #define PACKAGE_TARNAME "zerohourcash"
| #define PACKAGE_VERSION "0.18.10"
| #define PACKAGE_STRING "ZHCASH Core 0.18.10"
| #define PACKAGE_BUGREPORT "https://github.com/zerohourcash/zerohourcash/issues"
| #define PACKAGE_URL "https://zh.cash/"
| #define HAVE_CXX11 1
| #define HAVE_STDIO_H 1
| #define HAVE_STDLIB_H 1
| #define HAVE_STRING_H 1
| #define HAVE_INTTYPES_H 1
| #define HAVE_STDINT_H 1
| #define HAVE_STRINGS_H 1
| #define HAVE_SYS_STAT_H 1
| #define HAVE_SYS_TYPES_H 1
| #define HAVE_UNISTD_H 1
| #define STDC_HEADERS 1
| #define HAVE_DLFCN_H 1
| #define LT_OBJDIR ".libs/"
| #define USE_ASM 1
| #define ENABLE_SSE41 1
| #define ENABLE_AVX2 1
| #define ENABLE_SHANI 1
| #define HAVE_PTHREAD_PRIO_INHERIT 1
| #define HAVE_PTHREAD 1
| #define HAVE_DECL_STRERROR_R 1
| #define HAVE_STRERROR_R 1
| #define STRERROR_R_CHAR_P 1
| #define HAVE_FUNC_ATTRIBUTE_VISIBILITY 1
| #define HAVE_ENDIAN_H 1
| #define HAVE_BYTESWAP_H 1
| #define HAVE_STDIO_H 1
| #define HAVE_STDLIB_H 1
| #define HAVE_UNISTD_H 1
| #define HAVE_STRINGS_H 1
| #define HAVE_SYS_TYPES_H 1
| #define HAVE_SYS_STAT_H 1
| #define HAVE_SYS_SELECT_H 1
| #define HAVE_SYS_PRCTL_H 1
| #define HAVE_DECL_GETIFADDRS 1
| #define HAVE_DECL_FREEIFADDRS 1
| #define HAVE_DECL_STRNLEN 1
| #define HAVE_DECL_DAEMON 1
| #define HAVE_DECL_LE16TOH 1
| #define HAVE_DECL_LE32TOH 1
| #define HAVE_DECL_LE64TOH 1
| #define HAVE_DECL_HTOLE16 1
| #define HAVE_DECL_HTOLE32 1
| #define HAVE_DECL_HTOLE64 1
| #define HAVE_DECL_BE16TOH 1
| #define HAVE_DECL_BE32TOH 1
| #define HAVE_DECL_BE64TOH 1
| #define HAVE_DECL_HTOBE16 1
| #define HAVE_DECL_HTOBE32 1
| #define HAVE_DECL_HTOBE64 1
| #define HAVE_DECL_BSWAP_16 1
| #define HAVE_DECL_BSWAP_32 1
| #define HAVE_DECL_BSWAP_64 1
| #define HAVE_DECL___BUILTIN_CLZ 1
| #define HAVE_DECL___BUILTIN_CLZL 1
| #define HAVE_DECL___BUILTIN_CLZLL 1
| #define HAVE_MALLOC_INFO 1
| #define HAVE_MALLOPT_ARENA_MAX 1
| #define HAVE_VISIBILITY_ATTRIBUTE 1
| #define HAVE_THREAD_LOCAL 1
| #define HAVE_GMTIME_R 1
| #define HAVE_SYS_GETRANDOM 1
| #define HAVE_GETENTROPY 1
| #define HAVE_GETENTROPY_RAND 1
| /* end confdefs.h.  */
| #include <boost/chrono.hpp>
| int
| main (void)
| {
| boost::chrono::system_clock::time_point* time = new boost::chrono::system_clock::time_point; delete time;
|   ;
|   return 0;
| }
configure:32536: result: no
configure:33022: checking for mismatched boost c++11 scoped enums
configure:33050: g++ -std=c++11 -o conftest -g -O2  -DZHC_BUILD -DHAVE_BUILD_INFO -D__STDC_FORMAT_MACROS -DBOOST_SP_USE_STD_ATOMIC -DBOOST_AC_USE_STD_ATOMIC -I/include/boost-0  conftest.cpp -L/lib64        >&5
conftest.cpp:73:12: fatal error: boost/config.hpp: No such file or directory
   73 |   #include <boost/config.hpp>
      |            ^~~~~~~~~~~~~~~~~~
compilation terminated.
configure:33050: $? = 1
configure: failed program was:
| /* confdefs.h */
| #define PACKAGE_NAME "ZHCASH Core"
| #define PACKAGE_TARNAME "zerohourcash"
| #define PACKAGE_VERSION "0.18.10"
| #define PACKAGE_STRING "ZHCASH Core 0.18.10"
| #define PACKAGE_BUGREPORT "https://github.com/zerohourcash/zerohourcash/issues"
| #define PACKAGE_URL "https://zh.cash/"
| #define HAVE_CXX11 1
| #define HAVE_STDIO_H 1
| #define HAVE_STDLIB_H 1
| #define HAVE_STRING_H 1
| #define HAVE_INTTYPES_H 1
| #define HAVE_STDINT_H 1
| #define HAVE_STRINGS_H 1
| #define HAVE_SYS_STAT_H 1
| #define HAVE_SYS_TYPES_H 1
| #define HAVE_UNISTD_H 1
| #define STDC_HEADERS 1
| #define HAVE_DLFCN_H 1
| #define LT_OBJDIR ".libs/"
| #define USE_ASM 1
| #define ENABLE_SSE41 1
| #define ENABLE_AVX2 1
| #define ENABLE_SHANI 1
| #define HAVE_PTHREAD_PRIO_INHERIT 1
| #define HAVE_PTHREAD 1
| #define HAVE_DECL_STRERROR_R 1
| #define HAVE_STRERROR_R 1
| #define STRERROR_R_CHAR_P 1
| #define HAVE_FUNC_ATTRIBUTE_VISIBILITY 1
| #define HAVE_ENDIAN_H 1
| #define HAVE_BYTESWAP_H 1
| #define HAVE_STDIO_H 1
| #define HAVE_STDLIB_H 1
| #define HAVE_UNISTD_H 1
| #define HAVE_STRINGS_H 1
| #define HAVE_SYS_TYPES_H 1
| #define HAVE_SYS_STAT_H 1
| #define HAVE_SYS_SELECT_H 1
| #define HAVE_SYS_PRCTL_H 1
| #define HAVE_DECL_GETIFADDRS 1
| #define HAVE_DECL_FREEIFADDRS 1
| #define HAVE_DECL_STRNLEN 1
| #define HAVE_DECL_DAEMON 1
| #define HAVE_DECL_LE16TOH 1
| #define HAVE_DECL_LE32TOH 1
| #define HAVE_DECL_LE64TOH 1
| #define HAVE_DECL_HTOLE16 1
| #define HAVE_DECL_HTOLE32 1
| #define HAVE_DECL_HTOLE64 1
| #define HAVE_DECL_BE16TOH 1
| #define HAVE_DECL_BE32TOH 1
| #define HAVE_DECL_BE64TOH 1
| #define HAVE_DECL_HTOBE16 1
| #define HAVE_DECL_HTOBE32 1
| #define HAVE_DECL_HTOBE64 1
| #define HAVE_DECL_BSWAP_16 1
| #define HAVE_DECL_BSWAP_32 1
| #define HAVE_DECL_BSWAP_64 1
| #define HAVE_DECL___BUILTIN_CLZ 1
| #define HAVE_DECL___BUILTIN_CLZL 1
| #define HAVE_DECL___BUILTIN_CLZLL 1
| #define HAVE_MALLOC_INFO 1
| #define HAVE_MALLOPT_ARENA_MAX 1
| #define HAVE_VISIBILITY_ATTRIBUTE 1
| #define HAVE_THREAD_LOCAL 1
| #define HAVE_GMTIME_R 1
| #define HAVE_SYS_GETRANDOM 1
| #define HAVE_GETENTROPY 1
| #define HAVE_GETENTROPY_RAND 1
| /* end confdefs.h.  */
| 
|   #include <boost/config.hpp>
|   #include <boost/version.hpp>
|   #if !defined(BOOST_NO_SCOPED_ENUMS) && !defined(BOOST_NO_CXX11_SCOPED_ENUMS) && BOOST_VERSION < 105700
|   #define BOOST_NO_SCOPED_ENUMS
|   #define BOOST_NO_CXX11_SCOPED_ENUMS
|   #define CHECK
|   #endif
|   #include <boost/filesystem.hpp>
| 
| int
| main (void)
| {
| 
|   #if defined(CHECK)
|     boost::filesystem::copy_file("foo", "bar");
|   #else
|     choke;
|   #endif
| 
|   ;
|   return 0;
| }
configure:33055: result: ok
configure:33087: g++ -std=c++11 -o conftest -g -O2  -DZHC_BUILD -DHAVE_BUILD_INFO -D__STDC_FORMAT_MACROS -DBOOST_SP_USE_STD_ATOMIC -DBOOST_AC_USE_STD_ATOMIC -I/include/boost-0  conftest.cpp -L/lib64        >&5
conftest.cpp:73:12: fatal error: boost/thread/thread.hpp: No such file or directory
   73 |   #include <boost/thread/thread.hpp>
      |            ^~~~~~~~~~~~~~~~~~~~~~~~~
compilation terminated.
configure:33087: $? = 1
configure: failed program was:
| /* confdefs.h */
| #define PACKAGE_NAME "ZHCASH Core"
| #define PACKAGE_TARNAME "zerohourcash"
| #define PACKAGE_VERSION "0.18.10"
| #define PACKAGE_STRING "ZHCASH Core 0.18.10"
| #define PACKAGE_BUGREPORT "https://github.com/zerohourcash/zerohourcash/issues"
| #define PACKAGE_URL "https://zh.cash/"
| #define HAVE_CXX11 1
| #define HAVE_STDIO_H 1
| #define HAVE_STDLIB_H 1
| #define HAVE_STRING_H 1
| #define HAVE_INTTYPES_H 1
| #define HAVE_STDINT_H 1
| #define HAVE_STRINGS_H 1
| #define HAVE_SYS_STAT_H 1
| #define HAVE_SYS_TYPES_H 1
| #define HAVE_UNISTD_H 1
| #define STDC_HEADERS 1
| #define HAVE_DLFCN_H 1
| #define LT_OBJDIR ".libs/"
| #define USE_ASM 1
| #define ENABLE_SSE41 1
| #define ENABLE_AVX2 1
| #define ENABLE_SHANI 1
| #define HAVE_PTHREAD_PRIO_INHERIT 1
| #define HAVE_PTHREAD 1
| #define HAVE_DECL_STRERROR_R 1
| #define HAVE_STRERROR_R 1
| #define STRERROR_R_CHAR_P 1
| #define HAVE_FUNC_ATTRIBUTE_VISIBILITY 1
| #define HAVE_ENDIAN_H 1
| #define HAVE_BYTESWAP_H 1
| #define HAVE_STDIO_H 1
| #define HAVE_STDLIB_H 1
| #define HAVE_UNISTD_H 1
| #define HAVE_STRINGS_H 1
| #define HAVE_SYS_TYPES_H 1
| #define HAVE_SYS_STAT_H 1
| #define HAVE_SYS_SELECT_H 1
| #define HAVE_SYS_PRCTL_H 1
| #define HAVE_DECL_GETIFADDRS 1
| #define HAVE_DECL_FREEIFADDRS 1
| #define HAVE_DECL_STRNLEN 1
| #define HAVE_DECL_DAEMON 1
| #define HAVE_DECL_LE16TOH 1
| #define HAVE_DECL_LE32TOH 1
| #define HAVE_DECL_LE64TOH 1
| #define HAVE_DECL_HTOLE16 1
| #define HAVE_DECL_HTOLE32 1
| #define HAVE_DECL_HTOLE64 1
| #define HAVE_DECL_BE16TOH 1
| #define HAVE_DECL_BE32TOH 1
| #define HAVE_DECL_BE64TOH 1
| #define HAVE_DECL_HTOBE16 1
| #define HAVE_DECL_HTOBE32 1
| #define HAVE_DECL_HTOBE64 1
| #define HAVE_DECL_BSWAP_16 1
| #define HAVE_DECL_BSWAP_32 1
| #define HAVE_DECL_BSWAP_64 1
| #define HAVE_DECL___BUILTIN_CLZ 1
| #define HAVE_DECL___BUILTIN_CLZL 1
| #define HAVE_DECL___BUILTIN_CLZLL 1
| #define HAVE_MALLOC_INFO 1
| #define HAVE_MALLOPT_ARENA_MAX 1
| #define HAVE_VISIBILITY_ATTRIBUTE 1
| #define HAVE_THREAD_LOCAL 1
| #define HAVE_GMTIME_R 1
| #define HAVE_SYS_GETRANDOM 1
| #define HAVE_GETENTROPY 1
| #define HAVE_GETENTROPY_RAND 1
| /* end confdefs.h.  */
| 
|   #include <boost/thread/thread.hpp>
|   #include <boost/version.hpp>
| 
| int
| main (void)
| {
| 
|   #if BOOST_VERSION >= 105000 && (!defined(BOOST_HAS_NANOSLEEP) || BOOST_VERSION >= 105200)
|       boost::this_thread::sleep_for(boost::chrono::milliseconds(0));
|   #else
|    choke me
|   #endif
| 
|   ;
|   return 0;
| }
configure:33127: g++ -std=c++11 -o conftest -g -O2  -DZHC_BUILD -DHAVE_BUILD_INFO -D__STDC_FORMAT_MACROS -DBOOST_SP_USE_STD_ATOMIC -DBOOST_AC_USE_STD_ATOMIC -I/include/boost-0  conftest.cpp -L/lib64        >&5
conftest.cpp:73:12: fatal error: boost/version.hpp: No such file or directory
   73 |   #include <boost/version.hpp>
      |            ^~~~~~~~~~~~~~~~~~~
compilation terminated.
configure:33127: $? = 1
configure: failed program was:
| /* confdefs.h */
| #define PACKAGE_NAME "ZHCASH Core"
| #define PACKAGE_TARNAME "zerohourcash"
| #define PACKAGE_VERSION "0.18.10"
| #define PACKAGE_STRING "ZHCASH Core 0.18.10"
| #define PACKAGE_BUGREPORT "https://github.com/zerohourcash/zerohourcash/issues"
| #define PACKAGE_URL "https://zh.cash/"
| #define HAVE_CXX11 1
| #define HAVE_STDIO_H 1
| #define HAVE_STDLIB_H 1
| #define HAVE_STRING_H 1
| #define HAVE_INTTYPES_H 1
| #define HAVE_STDINT_H 1
| #define HAVE_STRINGS_H 1
| #define HAVE_SYS_STAT_H 1
| #define HAVE_SYS_TYPES_H 1
| #define HAVE_UNISTD_H 1
| #define STDC_HEADERS 1
| #define HAVE_DLFCN_H 1
| #define LT_OBJDIR ".libs/"
| #define USE_ASM 1
| #define ENABLE_SSE41 1
| #define ENABLE_AVX2 1
| #define ENABLE_SHANI 1
| #define HAVE_PTHREAD_PRIO_INHERIT 1
| #define HAVE_PTHREAD 1
| #define HAVE_DECL_STRERROR_R 1
| #define HAVE_STRERROR_R 1
| #define STRERROR_R_CHAR_P 1
| #define HAVE_FUNC_ATTRIBUTE_VISIBILITY 1
| #define HAVE_ENDIAN_H 1
| #define HAVE_BYTESWAP_H 1
| #define HAVE_STDIO_H 1
| #define HAVE_STDLIB_H 1
| #define HAVE_UNISTD_H 1
| #define HAVE_STRINGS_H 1
| #define HAVE_SYS_TYPES_H 1
| #define HAVE_SYS_STAT_H 1
| #define HAVE_SYS_SELECT_H 1
| #define HAVE_SYS_PRCTL_H 1
| #define HAVE_DECL_GETIFADDRS 1
| #define HAVE_DECL_FREEIFADDRS 1
| #define HAVE_DECL_STRNLEN 1
| #define HAVE_DECL_DAEMON 1
| #define HAVE_DECL_LE16TOH 1
| #define HAVE_DECL_LE32TOH 1
| #define HAVE_DECL_LE64TOH 1
| #define HAVE_DECL_HTOLE16 1
| #define HAVE_DECL_HTOLE32 1
| #define HAVE_DECL_HTOLE64 1
| #define HAVE_DECL_BE16TOH 1
| #define HAVE_DECL_BE32TOH 1
| #define HAVE_DECL_BE64TOH 1
| #define HAVE_DECL_HTOBE16 1
| #define HAVE_DECL_HTOBE32 1
| #define HAVE_DECL_HTOBE64 1
| #define HAVE_DECL_BSWAP_16 1
| #define HAVE_DECL_BSWAP_32 1
| #define HAVE_DECL_BSWAP_64 1
| #define HAVE_DECL___BUILTIN_CLZ 1
| #define HAVE_DECL___BUILTIN_CLZL 1
| #define HAVE_DECL___BUILTIN_CLZLL 1
| #define HAVE_MALLOC_INFO 1
| #define HAVE_MALLOPT_ARENA_MAX 1
| #define HAVE_VISIBILITY_ATTRIBUTE 1
| #define HAVE_THREAD_LOCAL 1
| #define HAVE_GMTIME_R 1
| #define HAVE_SYS_GETRANDOM 1
| #define HAVE_GETENTROPY 1
| #define HAVE_GETENTROPY_RAND 1
| /* end confdefs.h.  */
| 
|   #include <boost/version.hpp>
|   #include <boost/thread.hpp>
|   #include <boost/date_time/posix_time/posix_time_types.hpp>
| 
| int
| main (void)
| {
| 
|   #if BOOST_VERSION <= 105600
|       boost::this_thread::sleep(boost::posix_time::milliseconds(0));
|   #else
|    choke me
|   #endif
| 
|   ;
|   return 0;
| }
configure:33142: error: No working boost sleep implementation found.

## ---------------- ##
## Cache variables. ##
## ---------------- ##

ac_cv_build=x86_64-pc-linux-gnu
ac_cv_c_bigendian=no
ac_cv_c_compiler_gnu=yes
ac_cv_cxx_compiler_gnu=yes
ac_cv_cxx_undeclared_builtin_options='none needed'
ac_cv_env_ARFLAGS_set=
ac_cv_env_ARFLAGS_value=
ac_cv_env_BDB_CFLAGS_set=
ac_cv_env_BDB_CFLAGS_value=
ac_cv_env_BDB_LIBS_set=
ac_cv_env_BDB_LIBS_value=
ac_cv_env_CCC_set=
ac_cv_env_CCC_value=
ac_cv_env_CC_set=
ac_cv_env_CC_value=
ac_cv_env_CFLAGS_set=
ac_cv_env_CFLAGS_value=
ac_cv_env_CPPFLAGS_set=
ac_cv_env_CPPFLAGS_value=
ac_cv_env_CPP_set=
ac_cv_env_CPP_value=
ac_cv_env_CRYPTO_CFLAGS_set=
ac_cv_env_CRYPTO_CFLAGS_value=
ac_cv_env_CRYPTO_LIBS_set=
ac_cv_env_CRYPTO_LIBS_value=
ac_cv_env_CXXCPP_set=
ac_cv_env_CXXCPP_value=
ac_cv_env_CXXFLAGS_set=
ac_cv_env_CXXFLAGS_value=
ac_cv_env_CXX_set=
ac_cv_env_CXX_value=
ac_cv_env_EVENT_CFLAGS_set=
ac_cv_env_EVENT_CFLAGS_value=
ac_cv_env_EVENT_LIBS_set=
ac_cv_env_EVENT_LIBS_value=
ac_cv_env_EVENT_PTHREADS_CFLAGS_set=
ac_cv_env_EVENT_PTHREADS_CFLAGS_value=
ac_cv_env_EVENT_PTHREADS_LIBS_set=
ac_cv_env_EVENT_PTHREADS_LIBS_value=
ac_cv_env_LDFLAGS_set=
ac_cv_env_LDFLAGS_value=
ac_cv_env_LIBS_set=
ac_cv_env_LIBS_value=
ac_cv_env_LT_SYS_LIBRARY_PATH_set=
ac_cv_env_LT_SYS_LIBRARY_PATH_value=
ac_cv_env_OBJCXXFLAGS_set=
ac_cv_env_OBJCXXFLAGS_value=
ac_cv_env_OBJCXX_set=
ac_cv_env_OBJCXX_value=
ac_cv_env_PKG_CONFIG_LIBDIR_set=
ac_cv_env_PKG_CONFIG_LIBDIR_value=
ac_cv_env_PKG_CONFIG_PATH_set=
ac_cv_env_PKG_CONFIG_PATH_value=
ac_cv_env_PKG_CONFIG_set=
ac_cv_env_PKG_CONFIG_value=
ac_cv_env_PROTOBUF_CFLAGS_set=
ac_cv_env_PROTOBUF_CFLAGS_value=
ac_cv_env_PROTOBUF_LIBS_set=
ac_cv_env_PROTOBUF_LIBS_value=
ac_cv_env_PYTHONPATH_set=
ac_cv_env_PYTHONPATH_value=
ac_cv_env_QR_CFLAGS_set=
ac_cv_env_QR_CFLAGS_value=
ac_cv_env_QR_LIBS_set=
ac_cv_env_QR_LIBS_value=
ac_cv_env_QT5_CFLAGS_set=
ac_cv_env_QT5_CFLAGS_value=
ac_cv_env_QT5_LIBS_set=
ac_cv_env_QT5_LIBS_value=
ac_cv_env_QTACCESSIBILITY_CFLAGS_set=
ac_cv_env_QTACCESSIBILITY_CFLAGS_value=
ac_cv_env_QTACCESSIBILITY_LIBS_set=
ac_cv_env_QTACCESSIBILITY_LIBS_value=
ac_cv_env_QTCGL_CFLAGS_set=
ac_cv_env_QTCGL_CFLAGS_value=
ac_cv_env_QTCGL_LIBS_set=
ac_cv_env_QTCGL_LIBS_value=
ac_cv_env_QTCLIPBOARD_CFLAGS_set=
ac_cv_env_QTCLIPBOARD_CFLAGS_value=
ac_cv_env_QTCLIPBOARD_LIBS_set=
ac_cv_env_QTCLIPBOARD_LIBS_value=
ac_cv_env_QTDEVICEDISCOVERY_CFLAGS_set=
ac_cv_env_QTDEVICEDISCOVERY_CFLAGS_value=
ac_cv_env_QTDEVICEDISCOVERY_LIBS_set=
ac_cv_env_QTDEVICEDISCOVERY_LIBS_value=
ac_cv_env_QTEVENTDISPATCHER_CFLAGS_set=
ac_cv_env_QTEVENTDISPATCHER_CFLAGS_value=
ac_cv_env_QTEVENTDISPATCHER_LIBS_set=
ac_cv_env_QTEVENTDISPATCHER_LIBS_value=
ac_cv_env_QTFB_CFLAGS_set=
ac_cv_env_QTFB_CFLAGS_value=
ac_cv_env_QTFB_LIBS_set=
ac_cv_env_QTFB_LIBS_value=
ac_cv_env_QTFONTDATABASE_CFLAGS_set=
ac_cv_env_QTFONTDATABASE_CFLAGS_value=
ac_cv_env_QTFONTDATABASE_LIBS_set=
ac_cv_env_QTFONTDATABASE_LIBS_value=
ac_cv_env_QTGRAPHICS_CFLAGS_set=
ac_cv_env_QTGRAPHICS_CFLAGS_value=
ac_cv_env_QTGRAPHICS_LIBS_set=
ac_cv_env_QTGRAPHICS_LIBS_value=
ac_cv_env_QTPLATFORM_CFLAGS_set=
ac_cv_env_QTPLATFORM_CFLAGS_value=
ac_cv_env_QTPLATFORM_LIBS_set=
ac_cv_env_QTPLATFORM_LIBS_value=
ac_cv_env_QTTHEME_CFLAGS_set=
ac_cv_env_QTTHEME_CFLAGS_value=
ac_cv_env_QTTHEME_LIBS_set=
ac_cv_env_QTTHEME_LIBS_value=
ac_cv_env_QTXCBQPA_CFLAGS_set=
ac_cv_env_QTXCBQPA_CFLAGS_value=
ac_cv_env_QTXCBQPA_LIBS_set=
ac_cv_env_QTXCBQPA_LIBS_value=
ac_cv_env_QT_DBUS_CFLAGS_set=
ac_cv_env_QT_DBUS_CFLAGS_value=
ac_cv_env_QT_DBUS_LIBS_set=
ac_cv_env_QT_DBUS_LIBS_value=
ac_cv_env_QT_TEST_CFLAGS_set=
ac_cv_env_QT_TEST_CFLAGS_value=
ac_cv_env_QT_TEST_LIBS_set=
ac_cv_env_QT_TEST_LIBS_value=
ac_cv_env_SSL_CFLAGS_set=
ac_cv_env_SSL_CFLAGS_value=
ac_cv_env_SSL_LIBS_set=
ac_cv_env_SSL_LIBS_value=
ac_cv_env_UNIVALUE_CFLAGS_set=
ac_cv_env_UNIVALUE_CFLAGS_value=
ac_cv_env_UNIVALUE_LIBS_set=
ac_cv_env_UNIVALUE_LIBS_value=
ac_cv_env_X11XCB_CFLAGS_set=
ac_cv_env_X11XCB_CFLAGS_value=
ac_cv_env_X11XCB_LIBS_set=
ac_cv_env_X11XCB_LIBS_value=
ac_cv_env_ZMQ_CFLAGS_set=
ac_cv_env_ZMQ_CFLAGS_value=
ac_cv_env_ZMQ_LIBS_set=
ac_cv_env_ZMQ_LIBS_value=
ac_cv_env_build_alias_set=
ac_cv_env_build_alias_value=
ac_cv_env_host_alias_set=
ac_cv_env_host_alias_value=
ac_cv_env_target_alias_set=
ac_cv_env_target_alias_value=
ac_cv_func_strerror_r_char_p=yes
ac_cv_have_decl___builtin_clz=yes
ac_cv_have_decl___builtin_clzl=yes
ac_cv_have_decl___builtin_clzll=yes
ac_cv_have_decl_be16toh=yes
ac_cv_have_decl_be32toh=yes
ac_cv_have_decl_be64toh=yes
ac_cv_have_decl_bswap_16=yes
ac_cv_have_decl_bswap_32=yes
ac_cv_have_decl_bswap_64=yes
ac_cv_have_decl_daemon=yes
ac_cv_have_decl_freeifaddrs=yes
ac_cv_have_decl_getifaddrs=yes
ac_cv_have_decl_htobe16=yes
ac_cv_have_decl_htobe32=yes
ac_cv_have_decl_htobe64=yes
ac_cv_have_decl_htole16=yes
ac_cv_have_decl_htole32=yes
ac_cv_have_decl_htole64=yes
ac_cv_have_decl_le16toh=yes
ac_cv_have_decl_le32toh=yes
ac_cv_have_decl_le64toh=yes
ac_cv_have_decl_strerror_r=yes
ac_cv_have_decl_strnlen=yes
ac_cv_header_byteswap_h=yes
ac_cv_header_dlfcn_h=yes
ac_cv_header_endian_h=yes
ac_cv_header_inttypes_h=yes
ac_cv_header_miniupnpc_miniupnpc_h=no
ac_cv_header_miniupnpc_miniwget_h=no
ac_cv_header_miniupnpc_upnpcommands_h=no
ac_cv_header_miniupnpc_upnperrors_h=no
ac_cv_header_stdint_h=yes
ac_cv_header_stdio_h=yes
ac_cv_header_stdlib_h=yes
ac_cv_header_string_h=yes
ac_cv_header_strings_h=yes
ac_cv_header_sys_endian_h=no
ac_cv_header_sys_prctl_h=yes
ac_cv_header_sys_select_h=yes
ac_cv_header_sys_stat_h=yes
ac_cv_header_sys_types_h=yes
ac_cv_header_unistd_h=yes
ac_cv_host=x86_64-pc-linux-gnu
ac_cv_objcxx_compiler_gnu=no
ac_cv_objext=o
ac_cv_path_EGREP='/usr/bin/grep -E'
ac_cv_path_FGREP='/usr/bin/grep -F'
ac_cv_path_GIT=/usr/bin/git
ac_cv_path_GREP=/usr/bin/grep
ac_cv_path_HEXDUMP=/usr/bin/hexdump
ac_cv_path_PYTHON=/usr/bin/python3
ac_cv_path_SED=/usr/bin/sed
ac_cv_path_ac_pt_AR=/usr/bin/ar
ac_cv_path_ac_pt_CPPFILT=/usr/bin/c++filt
ac_cv_path_ac_pt_GCOV=/usr/bin/gcov
ac_cv_path_ac_pt_OBJCOPY=/usr/bin/objcopy
ac_cv_path_ac_pt_PKG_CONFIG=/usr/bin/pkg-config
ac_cv_path_ac_pt_RANLIB=/usr/bin/ranlib
ac_cv_path_ac_pt_READELF=/usr/bin/readelf
ac_cv_path_ac_pt_STRIP=/usr/bin/strip
ac_cv_path_install='/usr/bin/install -c'
ac_cv_path_lt_DD=/usr/bin/dd
ac_cv_path_mkdir=/usr/bin/mkdir
ac_cv_prog_AWK=mawk
ac_cv_prog_CPP='gcc -E'
ac_cv_prog_CXXCPP='g++ -std=c++11 -E'
ac_cv_prog_ac_ct_AR=ar
ac_cv_prog_ac_ct_CC=gcc
ac_cv_prog_ac_ct_CXX=g++
ac_cv_prog_ac_ct_OBJDUMP=objdump
ac_cv_prog_ac_ct_RANLIB=ranlib
ac_cv_prog_ac_ct_STRIP=strip
ac_cv_prog_cc_c11=
ac_cv_prog_cc_g=yes
ac_cv_prog_cc_stdc=
ac_cv_prog_cxx_11=no
ac_cv_prog_cxx_cxx11=
ac_cv_prog_cxx_g=yes
ac_cv_prog_cxx_stdcxx=
ac_cv_prog_make_make_set=yes
ac_cv_prog_objcxx_g=no
ac_cv_search_clock_gettime='none required'
ac_cv_sys_file_offset_bits=no
ac_cv_sys_largefile_CC=no
am_cv_CC_dependencies_compiler_type=gcc3
am_cv_CXX_dependencies_compiler_type=gcc3
am_cv_OBJCXX_dependencies_compiler_type=gcc3
am_cv_make_support_nested_variables=yes
am_cv_prog_cc_c_o=yes
ax_cv_PTHREAD_CLANG=no
ax_cv_PTHREAD_JOINABLE_ATTR=PTHREAD_CREATE_JOINABLE
ax_cv_PTHREAD_PRIO_INHERIT=yes
ax_cv_PTHREAD_SPECIAL_FLAGS=no
ax_cv_boost_chrono=no
ax_cv_boost_filesystem=no
ax_cv_boost_program_options=no
ax_cv_boost_random=no
ax_cv_boost_system=no
ax_cv_boost_thread=no
ax_cv_check_cxxcppflags___D_FORTIFY_SOURCE_2=yes
ax_cv_check_cxxcppflags___U_FORTIFY_SOURCE=yes
ax_cv_check_cxxflags__Wall=yes
ax_cv_check_cxxflags__Wdeprecated_register=no
ax_cv_check_cxxflags__Wextra=yes
ax_cv_check_cxxflags__Wformat=yes
ax_cv_check_cxxflags__Wformat_security=yes
ax_cv_check_cxxflags__Wimplicit_fallthrough=yes
ax_cv_check_cxxflags__Wno_unknown_pragmas=yes
ax_cv_check_cxxflags__Wrange_loop_analysis=no
ax_cv_check_cxxflags__Wredundant_decls=yes
ax_cv_check_cxxflags__Wself_assign=no
ax_cv_check_cxxflags__Wthread_safety_analysis=no
ax_cv_check_cxxflags__Wunused_local_typedef=no
ax_cv_check_cxxflags__Wunused_parameter=yes
ax_cv_check_cxxflags__Wvla=yes
ax_cv_check_cxxflags___Werror=yes
ax_cv_check_cxxflags___Wstack_protector=yes
ax_cv_check_cxxflags___fPIC=yes
ax_cv_check_cxxflags___fstack_protector_all=yes
ax_cv_check_cxxflags___fstack_reuse_none=yes
ax_cv_check_cxxflags__mavx__mavx2=yes
ax_cv_check_cxxflags__msse4_1=yes
ax_cv_check_cxxflags__msse4_2=yes
ax_cv_check_cxxflags__msse4__msha=yes
ax_cv_check_ldflags___Wl___dynamicbase=no
ax_cv_check_ldflags___Wl___high_entropy_va=no
ax_cv_check_ldflags___Wl___large_address_aware=no
ax_cv_check_ldflags___Wl___nxcompat=no
ax_cv_check_ldflags___Wl__z_now=yes
ax_cv_check_ldflags___Wl__z_relro=yes
ax_cv_check_ldflags__fPIE__pie=yes
ax_cv_cxx_compile_cxx11__std_cpp11=yes
ax_cv_have_func_attribute_dllexport=no
ax_cv_have_func_attribute_dllimport=no
ax_cv_have_func_attribute_visibility=yes
lt_cv_ar_at_file=@
lt_cv_archive_cmds_need_lc=no
lt_cv_deplibs_check_method=pass_all
lt_cv_file_magic_cmd='$MAGIC_CMD'
lt_cv_file_magic_test_file=
lt_cv_ld_reload_flag=-r
lt_cv_nm_interface='BSD nm'
lt_cv_objdir=.libs
lt_cv_path_LD=/usr/bin/ld
lt_cv_path_LDCXX=/usr/bin/ld
lt_cv_path_NM='/usr/bin/nm -B'
lt_cv_path_mainfest_tool=no
lt_cv_prog_compiler_c_o=yes
lt_cv_prog_compiler_c_o_CXX=yes
lt_cv_prog_compiler_pic='-fPIC -DPIC'
lt_cv_prog_compiler_pic_CXX='-fPIC -DPIC'
lt_cv_prog_compiler_pic_works=yes
lt_cv_prog_compiler_pic_works_CXX=yes
lt_cv_prog_compiler_rtti_exceptions=no
lt_cv_prog_compiler_static_works=yes
lt_cv_prog_compiler_static_works_CXX=yes
lt_cv_prog_gnu_ld=yes
lt_cv_prog_gnu_ldcxx=yes
lt_cv_sharedlib_from_linklib_cmd='printf %s\n'
lt_cv_shlibpath_overrides_runpath=yes
lt_cv_sys_global_symbol_pipe='sed -n -e '\''s/^.*[	 ]\([ABCDGIRSTW][ABCDGIRSTW]*\)[	 ][	 ]*\([_A-Za-z][_A-Za-z0-9]*\)$/\1 \2 \2/p'\'' | sed '\''/ __gnu_lto/d'\'''
lt_cv_sys_global_symbol_to_c_name_address='sed -n -e '\''s/^: \(.*\) .*$/  {"\1", (void *) 0},/p'\'' -e '\''s/^[ABCDGIRSTW][ABCDGIRSTW]* .* \(.*\)$/  {"\1", (void *) \&\1},/p'\'''
lt_cv_sys_global_symbol_to_c_name_address_lib_prefix='sed -n -e '\''s/^: \(.*\) .*$/  {"\1", (void *) 0},/p'\'' -e '\''s/^[ABCDGIRSTW][ABCDGIRSTW]* .* \(lib.*\)$/  {"\1", (void *) \&\1},/p'\'' -e '\''s/^[ABCDGIRSTW][ABCDGIRSTW]* .* \(.*\)$/  {"lib\1", (void *) \&\1},/p'\'''
lt_cv_sys_global_symbol_to_cdecl='sed -n -e '\''s/^T .* \(.*\)$/extern int \1();/p'\'' -e '\''s/^[ABCDGIRSTW][ABCDGIRSTW]* .* \(.*\)$/extern char \1;/p'\'''
lt_cv_sys_global_symbol_to_import=
lt_cv_sys_max_cmd_len=1572864
lt_cv_to_host_file_cmd=func_convert_file_noop
lt_cv_to_tool_file_cmd=func_convert_file_noop
lt_cv_truncate_bin='/usr/bin/dd bs=4096 count=1'

## ----------------- ##
## Output variables. ##
## ----------------- ##

ACLOCAL='${SHELL} '\''/workspace/build-aux/missing'\'' aclocal-1.16'
AMDEPBACKSLASH='\'
AMDEP_FALSE='#'
AMDEP_TRUE=''
AMTAR='$${TAR-tar}'
AM_BACKSLASH='\'
AM_DEFAULT_V='$(AM_DEFAULT_VERBOSITY)'
AM_DEFAULT_VERBOSITY='0'
AM_V='$(V)'
AR='/usr/bin/ar'
ARFLAGS='cr'
AUTOCONF='${SHELL} '\''/workspace/build-aux/missing'\'' autoconf'
AUTOHEADER='${SHELL} '\''/workspace/build-aux/missing'\'' autoheader'
AUTOMAKE='${SHELL} '\''/workspace/build-aux/missing'\'' automake-1.16'
AVX2_CXXFLAGS='-mavx -mavx2'
AWK='mawk'
BDB_CFLAGS=''
BDB_CPPFLAGS=''
BDB_LIBS=''
BITCOIN_CLI_NAME='zerohour-cli'
BITCOIN_DAEMON_NAME='zerohourd'
BITCOIN_GUI_NAME='ZHCash-Qt'
BITCOIN_TX_NAME='zerohour-tx'
BITCOIN_WALLET_TOOL_NAME='zerohour-wallet'
BOOST_CHRONO_LIB=''
BOOST_CPPFLAGS='-DBOOST_SP_USE_STD_ATOMIC -DBOOST_AC_USE_STD_ATOMIC -I/include/boost-0'
BOOST_FILESYSTEM_LIB=''
BOOST_LDFLAGS='-L/lib64'
BOOST_LIBS='-L/lib64      '
BOOST_PROGRAM_OPTIONS_LIB=''
BOOST_RANDOM_LIB=''
BOOST_SYSTEM_LIB=''
BOOST_THREAD_LIB=''
BOOST_UNIT_TEST_FRAMEWORK_LIB=''
BREW=''
BUILD_BITCOIND_FALSE=''
BUILD_BITCOIND_TRUE=''
BUILD_BITCOIN_CLI_FALSE=''
BUILD_BITCOIN_CLI_TRUE=''
BUILD_BITCOIN_LIBS_FALSE=''
BUILD_BITCOIN_LIBS_TRUE=''
BUILD_BITCOIN_TX_FALSE=''
BUILD_BITCOIN_TX_TRUE=''
BUILD_BITCOIN_WALLET_FALSE=''
BUILD_BITCOIN_WALLET_TRUE=''
BUILD_DARWIN_FALSE=''
BUILD_DARWIN_TRUE=''
CC='gcc'
CCACHE=''
CCDEPMODE='depmode=gcc3'
CFLAGS='-g -O2'
CLIENT_VERSION_BUILD=''
CLIENT_VERSION_IS_RELEASE=''
CLIENT_VERSION_MAJOR=''
CLIENT_VERSION_MINOR=''
CLIENT_VERSION_REVISION=''
COMPAT_LDFLAGS=''
COPYRIGHT_HOLDERS=''
COPYRIGHT_HOLDERS_FINAL=''
COPYRIGHT_HOLDERS_SUBSTITUTION=''
COPYRIGHT_YEAR=''
CPP='gcc -E'
CPPFILT='/usr/bin/c++filt'
CPPFLAGS=' -DZHC_BUILD -DHAVE_BUILD_INFO -D__STDC_FORMAT_MACROS'
CRYPTOPP_CPPFLAGS=''
CRYPTOPP_TARGET_FLAGS=''
CRYPTO_CFLAGS=''
CRYPTO_LIBS=''
CSCOPE='cscope'
CTAGS='ctags'
CXX='g++ -std=c++11'
CXXCPP='g++ -std=c++11 -E'
CXXDEPMODE='depmode=gcc3'
CXXFLAGS='-g -O2'
CYGPATH_W='echo'
DEBUG_CPPFLAGS=''
DEBUG_CXXFLAGS=''
DEFS=''
DEPDIR='.deps'
DLLTOOL='false'
DOXYGEN=''
DSYMUTIL=''
DUMPBIN=''
ECHO_C=''
ECHO_N='-n'
ECHO_T=''
EGREP='/usr/bin/grep -E'
EMBEDDED_CRYPTOPP_FALSE='#'
EMBEDDED_CRYPTOPP_TRUE=''
EMBEDDED_LEVELDB_FALSE='#'
EMBEDDED_LEVELDB_TRUE=''
EMBEDDED_LIBFF_FALSE='#'
EMBEDDED_LIBFF_TRUE=''
EMBEDDED_UNIVALUE_FALSE=''
EMBEDDED_UNIVALUE_TRUE=''
ENABLE_AVX2_FALSE=''
ENABLE_AVX2_TRUE=''
ENABLE_BENCH_FALSE=''
ENABLE_BENCH_TRUE=''
ENABLE_BIP70_FALSE=''
ENABLE_BIP70_TRUE=''
ENABLE_BITCORE_RPC_FALSE=''
ENABLE_BITCORE_RPC_TRUE=''
ENABLE_FUZZ_FALSE=''
ENABLE_FUZZ_TRUE=''
ENABLE_HWCRC32_FALSE=''
ENABLE_HWCRC32_TRUE=''
ENABLE_MAN_FALSE='#'
ENABLE_MAN_TRUE=''
ENABLE_PROPERTY_TESTS_FALSE=''
ENABLE_PROPERTY_TESTS_TRUE=''
ENABLE_QT_FALSE=''
ENABLE_QT_TESTS_FALSE=''
ENABLE_QT_TESTS_TRUE=''
ENABLE_QT_TRUE=''
ENABLE_SHANI_FALSE=''
ENABLE_SHANI_TRUE=''
ENABLE_SSE41_FALSE=''
ENABLE_SSE41_TRUE=''
ENABLE_TESTS_FALSE=''
ENABLE_TESTS_TRUE=''
ENABLE_WALLET_FALSE=''
ENABLE_WALLET_TRUE=''
ENABLE_ZMQ_FALSE=''
ENABLE_ZMQ_TRUE=''
ERROR_CXXFLAGS=''
ETAGS='etags'
EVENT_CFLAGS=''
EVENT_LIBS=''
EVENT_PTHREADS_CFLAGS=''
EVENT_PTHREADS_LIBS=''
EXEEXT=''
EXTENDED_FUNCTIONAL_TESTS=''
FGREP='/usr/bin/grep -F'
GCOV='/usr/bin/gcov'
GENHTML=''
GENISOIMAGE=''
GIT='/usr/bin/git'
GLIBC_BACK_COMPAT_FALSE=''
GLIBC_BACK_COMPAT_TRUE=''
GMPXX_LIBS=''
GMP_LIBS=''
GPROF_CXXFLAGS=''
GPROF_LDFLAGS=''
GREP='/usr/bin/grep'
HARDENED_CPPFLAGS=' -U_FORTIFY_SOURCE -D_FORTIFY_SOURCE=2'
HARDENED_CXXFLAGS=' -fstack-reuse=none -Wstack-protector -fstack-protector-all'
HARDENED_LDFLAGS=' -Wl,-z,relro -Wl,-z,now -pie'
HARDEN_FALSE=''
HARDEN_TRUE=''
HAVE_CXX11='1'
HAVE_DOXYGEN_FALSE=''
HAVE_DOXYGEN_TRUE='#'
HAVE_GMTIME_R=''
HEXDUMP='/usr/bin/hexdump'
IMAGEMAGICK_CONVERT=''
INSTALLNAMETOOL=''
INSTALL_DATA='${INSTALL} -m 644'
INSTALL_PROGRAM='${INSTALL}'
INSTALL_SCRIPT='${INSTALL}'
INSTALL_STRIP_PROGRAM='$(install_sh) -c -s'
LCOV=''
LCOV_OPTS=''
LD='/usr/bin/ld'
LDFLAGS=''
LEVELDB_CPPFLAGS=''
LEVELDB_TARGET_FLAGS='-DOS_LINUX'
LIBCRYPTOPP=''
LIBFF=''
LIBFF_CPPFLAGS=''
LIBLEVELDB=''
LIBMEMENV=''
LIBOBJS=''
LIBS=''
LIBTOOL='$(SHELL) $(top_builddir)/libtool'
LIBTOOL_APP_LDFLAGS=''
LIPO=''
LN_S='ln -s'
LRELEASE=''
LTLIBOBJS=''
LT_SYS_LIBRARY_PATH=''
LUPDATE=''
MAINT=''
MAINTAINER_MODE_FALSE='#'
MAINTAINER_MODE_TRUE=''
MAKEINFO='${SHELL} '\''/workspace/build-aux/missing'\'' makeinfo'
MAKENSIS=''
MANIFEST_TOOL=':'
MINIUPNPC_CPPFLAGS=''
MINIUPNPC_LIBS=''
MKDIR_P='/usr/bin/mkdir -p'
MOC=''
MOC_DEFS='-DHAVE_CONFIG_H -I$(srcdir)'
NM='/usr/bin/nm -B'
NMEDIT=''
NOWARN_CXXFLAGS=' -Wno-unused-parameter -Wno-implicit-fallthrough -Wno-unknown-pragmas'
OBJCOPY='/usr/bin/objcopy'
OBJCXX='g++ -std=c++11'
OBJCXXDEPMODE='depmode=gcc3'
OBJCXXFLAGS=''
OBJDUMP='objdump'
OBJEXT='o'
OTOOL64=''
OTOOL=''
PACKAGE='zerohourcash'
PACKAGE_BUGREPORT='https://github.com/zerohourcash/zerohourcash/issues'
PACKAGE_NAME='ZHCASH Core'
PACKAGE_STRING='ZHCASH Core 0.18.10'
PACKAGE_TARNAME='zerohourcash'
PACKAGE_URL='https://zh.cash/'
PACKAGE_VERSION='0.18.10'
PATH_SEPARATOR=':'
PIC_FLAGS='-fPIC'
PIE_FLAGS='-fPIE'
PKG_CONFIG='/usr/bin/pkg-config'
PKG_CONFIG_LIBDIR=''
PKG_CONFIG_PATH=''
PROTOBUF_CFLAGS=''
PROTOBUF_LIBS=''
PROTOC=''
PTHREAD_CC='gcc'
PTHREAD_CFLAGS='-pthread'
PTHREAD_LIBS=''
PYTHON='/usr/bin/python3'
PYTHONPATH=''
QR_CFLAGS=''
QR_LIBS=''
QT5_CFLAGS=''
QT5_LIBS=''
QTACCESSIBILITY_CFLAGS=''
QTACCESSIBILITY_LIBS=''
QTCGL_CFLAGS=''
QTCGL_LIBS=''
QTCLIPBOARD_CFLAGS=''
QTCLIPBOARD_LIBS=''
QTDEVICEDISCOVERY_CFLAGS=''
QTDEVICEDISCOVERY_LIBS=''
QTEVENTDISPATCHER_CFLAGS=''
QTEVENTDISPATCHER_LIBS=''
QTFB_CFLAGS=''
QTFB_LIBS=''
QTFONTDATABASE_CFLAGS=''
QTFONTDATABASE_LIBS=''
QTGRAPHICS_CFLAGS=''
QTGRAPHICS_LIBS=''
QTPLATFORM_CFLAGS=''
QTPLATFORM_LIBS=''
QTTHEME_CFLAGS=''
QTTHEME_LIBS=''
QTXCBQPA_CFLAGS=''
QTXCBQPA_LIBS=''
QT_DBUS_CFLAGS=''
QT_DBUS_INCLUDES=''
QT_DBUS_LIBS=''
QT_INCLUDES=''
QT_LDFLAGS=''
QT_LIBS=''
QT_PIE_FLAGS=''
QT_SELECT='qt5'
QT_TEST_CFLAGS=''
QT_TEST_INCLUDES=''
QT_TEST_LIBS=''
QT_TRANSLATION_DIR=''
RANLIB='/usr/bin/ranlib'
RAPIDCHECK_LIBS=''
RCC=''
READELF='/usr/bin/readelf'
RELDFLAGS=''
RSVG_CONVERT=''
SANITIZER_CXXFLAGS=''
SANITIZER_LDFLAGS=''
SED='/usr/bin/sed'
SET_MAKE=''
SHANI_CXXFLAGS='-msse4 -msha'
SHELL='/bin/bash'
SSE41_CXXFLAGS='-msse4.1'
SSE42_CXXFLAGS='-msse4.2'
SSL_CFLAGS=''
SSL_LIBS=''
STRIP='/usr/bin/strip'
TARGET_DARWIN_FALSE=''
TARGET_DARWIN_TRUE=''
TARGET_WINDOWS_FALSE=''
TARGET_WINDOWS_TRUE=''
TESTDEFS=''
TIFFCP=''
UIC=''
UNIVALUE_CFLAGS=''
UNIVALUE_LIBS=''
USE_ASM_FALSE=''
USE_ASM_TRUE=''
USE_LCOV_FALSE=''
USE_LCOV_TRUE=''
USE_QRCODE=''
USE_QRCODE_FALSE=''
USE_QRCODE_TRUE=''
USE_UPNP=''
VERSION='0.18.10'
WARN_CXXFLAGS=' -Wall -Wextra -Wformat -Wvla -Wformat-security -Wredundant-decls'
WINDOWS_BITS=''
WINDRES=''
X11XCB_CFLAGS=''
X11XCB_LIBS=''
XGETTEXT=''
ZMQ_CFLAGS=''
ZMQ_LIBS=''
ac_ct_AR='ar'
ac_ct_CC='gcc'
ac_ct_CXX='g++'
ac_ct_DUMPBIN=''
ac_ct_OBJCXX=''
am__EXEEXT_FALSE=''
am__EXEEXT_TRUE=''
am__fastdepCC_FALSE='#'
am__fastdepCC_TRUE=''
am__fastdepCXX_FALSE='#'
am__fastdepCXX_TRUE=''
am__fastdepOBJCXX_FALSE='#'
am__fastdepOBJCXX_TRUE=''
am__include='include'
am__isrc=''
am__leading_dot='.'
am__nodep='_no'
am__quote=''
am__tar='$${TAR-tar} chof - "$$tardir"'
am__untar='$${TAR-tar} xf -'
ax_pthread_config=''
bindir='${exec_prefix}/bin'
build='x86_64-pc-linux-gnu'
build_alias=''
build_cpu='x86_64'
build_os='linux-gnu'
build_vendor='pc'
datadir='${datarootdir}'
datarootdir='${prefix}/share'
docdir='${datarootdir}/doc/${PACKAGE_TARNAME}'
dvidir='${docdir}'
exec_prefix='NONE'
host='x86_64-pc-linux-gnu'
host_alias=''
host_cpu='x86_64'
host_os='linux-gnu'
host_vendor='pc'
htmldir='${docdir}'
includedir='${prefix}/include'
infodir='${datarootdir}/info'
install_sh='${SHELL} /workspace/build-aux/install-sh'
libdir='${exec_prefix}/lib'
libexecdir='${exec_prefix}/libexec'
localedir='${datarootdir}/locale'
localstatedir='${prefix}/var'
mandir='${datarootdir}/man'
mkdir_p='$(MKDIR_P)'
oldincludedir='/usr/include'
pdfdir='${docdir}'
prefix='NONE'
program_transform_name='s,x,x,'
psdir='${docdir}'
runstatedir='${localstatedir}/run'
sbindir='${exec_prefix}/sbin'
sharedstatedir='${prefix}/com'
subdirs=''
sysconfdir='${prefix}/etc'
target_alias=''

## ----------- ##
## confdefs.h. ##
## ----------- ##

/* confdefs.h */
#define PACKAGE_NAME "ZHCASH Core"
#define PACKAGE_TARNAME "zerohourcash"
#define PACKAGE_VERSION "0.18.10"
#define PACKAGE_STRING "ZHCASH Core 0.18.10"
#define PACKAGE_BUGREPORT "https://github.com/zerohourcash/zerohourcash/issues"
#define PACKAGE_URL "https://zh.cash/"
#define HAVE_CXX11 1
#define HAVE_STDIO_H 1
#define HAVE_STDLIB_H 1
#define HAVE_STRING_H 1
#define HAVE_INTTYPES_H 1
#define HAVE_STDINT_H 1
#define HAVE_STRINGS_H 1
#define HAVE_SYS_STAT_H 1
#define HAVE_SYS_TYPES_H 1
#define HAVE_UNISTD_H 1
#define STDC_HEADERS 1
#define HAVE_DLFCN_H 1
#define LT_OBJDIR ".libs/"
#define USE_ASM 1
#define ENABLE_SSE41 1
#define ENABLE_AVX2 1
#define ENABLE_SHANI 1
#define HAVE_PTHREAD_PRIO_INHERIT 1
#define HAVE_PTHREAD 1
#define HAVE_DECL_STRERROR_R 1
#define HAVE_STRERROR_R 1
#define STRERROR_R_CHAR_P 1
#define HAVE_FUNC_ATTRIBUTE_VISIBILITY 1
#define HAVE_ENDIAN_H 1
#define HAVE_BYTESWAP_H 1
#define HAVE_STDIO_H 1
#define HAVE_STDLIB_H 1
#define HAVE_UNISTD_H 1
#define HAVE_STRINGS_H 1
#define HAVE_SYS_TYPES_H 1
#define HAVE_SYS_STAT_H 1
#define HAVE_SYS_SELECT_H 1
#define HAVE_SYS_PRCTL_H 1
#define HAVE_DECL_GETIFADDRS 1
#define HAVE_DECL_FREEIFADDRS 1
#define HAVE_DECL_STRNLEN 1
#define HAVE_DECL_DAEMON 1
#define HAVE_DECL_LE16TOH 1
#define HAVE_DECL_LE32TOH 1
#define HAVE_DECL_LE64TOH 1
#define HAVE_DECL_HTOLE16 1
#define HAVE_DECL_HTOLE32 1
#define HAVE_DECL_HTOLE64 1
#define HAVE_DECL_BE16TOH 1
#define HAVE_DECL_BE32TOH 1
#define HAVE_DECL_BE64TOH 1
#define HAVE_DECL_HTOBE16 1
#define HAVE_DECL_HTOBE32 1
#define HAVE_DECL_HTOBE64 1
#define HAVE_DECL_BSWAP_16 1
#define HAVE_DECL_BSWAP_32 1
#define HAVE_DECL_BSWAP_64 1
#define HAVE_DECL___BUILTIN_CLZ 1
#define HAVE_DECL___BUILTIN_CLZL 1
#define HAVE_DECL___BUILTIN_CLZLL 1
#define HAVE_MALLOC_INFO 1
#define HAVE_MALLOPT_ARENA_MAX 1
#define HAVE_VISIBILITY_ATTRIBUTE 1
#define HAVE_THREAD_LOCAL 1
#define HAVE_GMTIME_R 1
#define HAVE_SYS_GETRANDOM 1
#define HAVE_GETENTROPY 1
#define HAVE_GETENTROPY_RAND 1

configure: exit 1
